-- phpMyAdmin SQL Dump
-- version 5.0.4
-- https://www.phpmyadmin.net/
--
-- Host: 127.0.0.1
-- Generation Time: Sep 03, 2021 at 11:36 AM
-- Server version: 10.4.17-MariaDB
-- PHP Version: 7.2.34

SET SQL_MODE = "NO_AUTO_VALUE_ON_ZERO";
START TRANSACTION;
SET time_zone = "+00:00";


/*!40101 SET @OLD_CHARACTER_SET_CLIENT=@@CHARACTER_SET_CLIENT */;
/*!40101 SET @OLD_CHARACTER_SET_RESULTS=@@CHARACTER_SET_RESULTS */;
/*!40101 SET @OLD_COLLATION_CONNECTION=@@COLLATION_CONNECTION */;
/*!40101 SET NAMES utf8mb4 */;

--
-- Database: `db_simona`
--

-- --------------------------------------------------------

--
-- Table structure for table `anggota`
--

CREATE TABLE `anggota` (
  `id` int(10) UNSIGNED NOT NULL,
  `user_id` int(10) UNSIGNED NOT NULL,
  `npm` int(11) NOT NULL,
  `nama` varchar(255) COLLATE utf8mb4_unicode_ci NOT NULL,
  `tempat_lahir` varchar(255) COLLATE utf8mb4_unicode_ci DEFAULT NULL,
  `tgl_lahir` date DEFAULT NULL,
  `jk` enum('L','P') COLLATE utf8mb4_unicode_ci NOT NULL,
  `prodi` varchar(255) COLLATE utf8mb4_unicode_ci DEFAULT NULL,
  `created_at` timestamp NULL DEFAULT NULL,
  `updated_at` timestamp NULL DEFAULT NULL
) ENGINE=InnoDB DEFAULT CHARSET=utf8mb4 COLLATE=utf8mb4_unicode_ci;

--
-- Dumping data for table `anggota`
--

INSERT INTO `anggota` (`id`, `user_id`, `npm`, `nama`, `tempat_lahir`, `tgl_lahir`, `jk`, `prodi`, `created_at`, `updated_at`) VALUES
(1, 1, 10000353, 'Admin Perpusku', 'Jakarta', '1997-02-01', 'L', 'TI', '2021-08-23 02:55:49', '2021-08-23 02:55:49'),
(2, 2, 10000375, 'Ramadhan', 'Depok', '1997-01-01', 'L', 'TI', '2021-08-23 02:55:49', '2021-08-23 02:55:49');

-- --------------------------------------------------------

--
-- Table structure for table `buku`
--

CREATE TABLE `buku` (
  `id` int(10) UNSIGNED NOT NULL,
  `judul` varchar(255) COLLATE utf8mb4_unicode_ci NOT NULL,
  `isbn` varchar(25) COLLATE utf8mb4_unicode_ci DEFAULT NULL,
  `pengarang` varchar(255) COLLATE utf8mb4_unicode_ci DEFAULT NULL,
  `penerbit` varchar(255) COLLATE utf8mb4_unicode_ci DEFAULT NULL,
  `tahun_terbit` int(11) DEFAULT NULL,
  `jumlah_buku` int(11) NOT NULL,
  `deskripsi` text COLLATE utf8mb4_unicode_ci DEFAULT NULL,
  `lokasi` enum('rak1','rak2','rak3') COLLATE utf8mb4_unicode_ci DEFAULT NULL,
  `cover` varchar(255) COLLATE utf8mb4_unicode_ci DEFAULT NULL,
  `created_at` timestamp NULL DEFAULT NULL,
  `updated_at` timestamp NULL DEFAULT NULL
) ENGINE=InnoDB DEFAULT CHARSET=utf8mb4 COLLATE=utf8mb4_unicode_ci;

--
-- Dumping data for table `buku`
--

INSERT INTO `buku` (`id`, `judul`, `isbn`, `pengarang`, `penerbit`, `tahun_terbit`, `jumlah_buku`, `deskripsi`, `lokasi`, `cover`, `created_at`, `updated_at`) VALUES
(1, 'Belajar Pemrograman Java', '9920392749', 'Abdul Kadir', 'PT. Restu Ibu', 2020, 20, 'Buku Pertama Belajar Pemrograman Java Utk Pemula', 'rak1', 'buku_java.jpg', '2021-08-23 02:55:49', '2021-08-23 02:55:49'),
(2, 'Pemrograman Android', '9920395559', 'Muhammad Nurhidayat', 'PT. Restu Guru', 2020, 14, 'Jurus Rahasia Menguasai Pemrograman Android', 'rak2', 'jurus_rahasia.jpg', '2021-08-23 02:55:49', '2021-08-23 02:55:49'),
(3, 'Android Application', '9920392000', 'Dina Aulia', 'PT. Restu Ayah', 2019, 5, 'Buku Pertama Belajar Pemrograman Java Utk Pemula', 'rak2', 'create_your.jpg', '2021-08-23 02:55:49', '2021-08-23 02:55:49');

-- --------------------------------------------------------

--
-- Table structure for table `migrations`
--

CREATE TABLE `migrations` (
  `id` int(10) UNSIGNED NOT NULL,
  `migration` varchar(255) COLLATE utf8mb4_unicode_ci NOT NULL,
  `batch` int(11) NOT NULL
) ENGINE=InnoDB DEFAULT CHARSET=utf8mb4 COLLATE=utf8mb4_unicode_ci;

--
-- Dumping data for table `migrations`
--

INSERT INTO `migrations` (`id`, `migration`, `batch`) VALUES
(1, '2014_10_12_000000_create_users_table', 1),
(2, '2018_06_17_070037_create_anggotas_table', 1),
(3, '2018_06_17_130244_create_bukus_table', 1),
(4, '2018_06_18_014155_create_transaksis_table', 1);

-- --------------------------------------------------------

--
-- Table structure for table `transaksi`
--

CREATE TABLE `transaksi` (
  `id` int(10) UNSIGNED NOT NULL,
  `kode_transaksi` varchar(255) COLLATE utf8mb4_unicode_ci NOT NULL,
  `anggota_id` int(10) UNSIGNED NOT NULL,
  `buku_id` int(10) UNSIGNED NOT NULL,
  `tgl_pinjam` date NOT NULL,
  `tgl_kembali` date NOT NULL,
  `status` enum('pinjam','kembali') COLLATE utf8mb4_unicode_ci NOT NULL,
  `ket` text COLLATE utf8mb4_unicode_ci DEFAULT NULL,
  `created_at` timestamp NULL DEFAULT NULL,
  `updated_at` timestamp NULL DEFAULT NULL
) ENGINE=InnoDB DEFAULT CHARSET=utf8mb4 COLLATE=utf8mb4_unicode_ci;

-- --------------------------------------------------------

--
-- Table structure for table `t_anggarankas`
--

CREATE TABLE `t_anggarankas` (
  `id` int(10) NOT NULL,
  `id_rincian` int(10) NOT NULL,
  `bulan` varchar(30) NOT NULL,
  `tahun` varchar(10) NOT NULL,
  `anggaran` varchar(255) NOT NULL
) ENGINE=InnoDB DEFAULT CHARSET=utf8mb4;

--
-- Dumping data for table `t_anggarankas`
--

INSERT INTO `t_anggarankas` (`id`, `id_rincian`, `bulan`, `tahun`, `anggaran`) VALUES
(1, 1, '1', '2021', '0'),
(2, 2, '1', '2021', '0'),
(3, 3, '1', '2021', '0'),
(4, 4, '1', '2021', '0'),
(5, 5, '1', '2021', '0'),
(6, 6, '1', '2021', '0'),
(7, 7, '1', '2021', '0'),
(8, 8, '1', '2021', '0'),
(9, 9, '1', '2021', '0'),
(10, 10, '1', '2021', '0'),
(11, 11, '1', '2021', '0'),
(12, 12, '1', '2021', '0'),
(13, 13, '1', '2021', '0'),
(14, 14, '1', '2021', '0'),
(15, 15, '1', '2021', '0'),
(16, 16, '1', '2021', '0'),
(17, 17, '1', '2021', '72149562'),
(18, 18, '1', '2021', '9322052'),
(19, 19, '1', '2021', '7013300'),
(20, 20, '1', '2021', '2406250'),
(21, 21, '1', '2021', '5684040'),
(22, 22, '1', '2021', '8190485'),
(23, 23, '1', '2021', '13319'),
(24, 24, '1', '2021', '6400000'),
(25, 25, '1', '2021', '79420000'),
(26, 26, '1', '2021', '34170000'),
(27, 27, '1', '2021', '77590000'),
(28, 28, '1', '2021', '0'),
(29, 29, '1', '2021', '0'),
(30, 30, '1', '2021', '0'),
(31, 31, '1', '2021', '0'),
(32, 32, '1', '2021', '0'),
(33, 33, '1', '2021', '0'),
(34, 34, '1', '2021', '0'),
(35, 35, '1', '2021', '7440000'),
(36, 36, '1', '2021', '0'),
(37, 37, '1', '2021', '0'),
(38, 38, '1', '2021', '0'),
(39, 39, '1', '2021', '0'),
(40, 40, '1', '2021', '0'),
(41, 41, '1', '2021', '0'),
(42, 42, '1', '2021', '0'),
(43, 43, '1', '2021', '1200000'),
(44, 44, '1', '2021', '1200000'),
(45, 45, '1', '2021', '1296718'),
(46, 46, '1', '2021', '0'),
(47, 47, '1', '2021', '0'),
(48, 48, '1', '2021', '0'),
(49, 49, '1', '2021', '0'),
(50, 50, '1', '2021', '0'),
(51, 51, '1', '2021', '0'),
(52, 52, '1', '2021', '0'),
(53, 53, '1', '2021', '0'),
(54, 54, '1', '2021', '0'),
(55, 55, '1', '2021', '0'),
(56, 56, '1', '2021', '0'),
(57, 57, '1', '2021', '0'),
(58, 58, '1', '2021', '0'),
(59, 59, '1', '2021', '0'),
(60, 60, '1', '2021', '0'),
(61, 61, '1', '2021', '0'),
(62, 62, '1', '2021', '0'),
(63, 63, '1', '2021', '0'),
(64, 64, '1', '2021', '0'),
(65, 65, '1', '2021', '0'),
(66, 66, '1', '2021', '0'),
(67, 67, '1', '2021', '0'),
(68, 68, '1', '2021', '0'),
(69, 69, '1', '2021', '0'),
(70, 70, '1', '2021', '0'),
(71, 71, '1', '2021', '0'),
(72, 72, '1', '2021', '3500000'),
(73, 73, '1', '2021', '0'),
(74, 74, '1', '2021', '0'),
(75, 75, '1', '2021', '432000'),
(76, 76, '1', '2021', '0'),
(77, 77, '1', '2021', '0'),
(78, 78, '1', '2021', '0'),
(79, 79, '1', '2021', '0'),
(80, 80, '1', '2021', '0'),
(81, 81, '1', '2021', '0'),
(82, 82, '1', '2021', '0'),
(83, 83, '1', '2021', '0'),
(84, 84, '1', '2021', '0'),
(85, 85, '1', '2021', '0'),
(86, 86, '1', '2021', '0'),
(87, 87, '1', '2021', '0'),
(88, 88, '1', '2021', '0'),
(89, 89, '1', '2021', '0'),
(90, 90, '1', '2021', '0'),
(91, 91, '1', '2021', '0'),
(92, 92, '1', '2021', '0'),
(93, 93, '1', '2021', '0'),
(94, 94, '1', '2021', '0'),
(95, 95, '1', '2021', '0'),
(96, 96, '1', '2021', '0'),
(97, 97, '1', '2021', '0'),
(98, 98, '1', '2021', '0'),
(99, 99, '1', '2021', '0'),
(100, 100, '1', '2021', '0'),
(101, 101, '1', '2021', '0'),
(102, 102, '1', '2021', '0'),
(103, 103, '1', '2021', '0'),
(104, 104, '1', '2021', '0'),
(105, 105, '1', '2021', '0'),
(106, 106, '1', '2021', '0'),
(107, 107, '1', '2021', '0'),
(108, 108, '1', '2021', '0'),
(109, 109, '1', '2021', '0'),
(110, 110, '1', '2021', '0'),
(111, 111, '1', '2021', '0'),
(112, 112, '1', '2021', '0'),
(113, 113, '1', '2021', '0'),
(114, 114, '1', '2021', '0'),
(115, 115, '1', '2021', '0'),
(116, 116, '1', '2021', '0'),
(117, 117, '1', '2021', '0'),
(118, 118, '1', '2021', '0'),
(119, 119, '1', '2021', '0'),
(120, 120, '1', '2021', '0'),
(121, 121, '1', '2021', '0'),
(122, 122, '1', '2021', '0'),
(123, 123, '1', '2021', '0'),
(124, 124, '1', '2021', '0'),
(125, 125, '1', '2021', '0'),
(126, 126, '1', '2021', '0'),
(127, 127, '1', '2021', '0'),
(128, 128, '1', '2021', '0'),
(129, 129, '1', '2021', '2235000'),
(130, 130, '1', '2021', '9750000'),
(131, 131, '1', '2021', '6100000'),
(132, 132, '1', '2021', '22500000'),
(133, 133, '1', '2021', '13622500'),
(134, 134, '1', '2021', '0'),
(135, 135, '1', '2021', '0'),
(136, 136, '1', '2021', '2400000'),
(137, 137, '1', '2021', '0'),
(138, 138, '1', '2021', '0'),
(139, 139, '1', '2021', '0'),
(140, 140, '1', '2021', '0'),
(141, 1, '2', '2021', '0'),
(142, 2, '2', '2021', '0'),
(143, 3, '2', '2021', '0'),
(144, 4, '2', '2021', '0'),
(145, 5, '2', '2021', '0'),
(146, 6, '2', '2021', '0'),
(147, 7, '2', '2021', '0'),
(148, 8, '2', '2021', '0'),
(149, 9, '2', '2021', '0'),
(150, 10, '2', '2021', '0'),
(151, 11, '2', '2021', '0'),
(152, 12, '2', '2021', '0'),
(153, 13, '2', '2021', '0'),
(154, 14, '2', '2021', '0'),
(155, 15, '2', '2021', '0'),
(156, 16, '2', '2021', '0'),
(157, 17, '2', '2021', '72149562'),
(158, 18, '2', '2021', '9322052'),
(159, 19, '2', '2021', '7013300'),
(160, 20, '2', '2021', '2406249'),
(161, 21, '2', '2021', '6125525'),
(162, 22, '2', '2021', '0'),
(163, 23, '2', '2021', '13318'),
(164, 24, '2', '2021', '6400000'),
(165, 25, '2', '2021', '79420000'),
(166, 26, '2', '2021', '34170000'),
(167, 27, '2', '2021', '77590000'),
(168, 28, '2', '2021', '0'),
(169, 29, '2', '2021', '0'),
(170, 30, '2', '2021', '0'),
(171, 31, '2', '2021', '0'),
(172, 32, '2', '2021', '0'),
(173, 33, '2', '2021', '0'),
(174, 34, '2', '2021', '0'),
(175, 35, '2', '2021', '7440000'),
(176, 36, '2', '2021', '0'),
(177, 37, '2', '2021', '0'),
(178, 38, '2', '2021', '0'),
(179, 39, '2', '2021', '0'),
(180, 40, '2', '2021', '0'),
(181, 41, '2', '2021', '0'),
(182, 42, '2', '2021', '0'),
(183, 43, '2', '2021', '0'),
(184, 44, '2', '2021', '0'),
(185, 45, '2', '2021', '0'),
(186, 46, '2', '2021', '0'),
(187, 47, '2', '2021', '0'),
(188, 48, '2', '2021', '0'),
(189, 49, '2', '2021', '0'),
(190, 50, '2', '2021', '0'),
(191, 51, '2', '2021', '0'),
(192, 52, '2', '2021', '0'),
(193, 53, '2', '2021', '0'),
(194, 54, '2', '2021', '0'),
(195, 55, '2', '2021', '0'),
(196, 56, '2', '2021', '0'),
(197, 57, '2', '2021', '0'),
(198, 58, '2', '2021', '0'),
(199, 59, '2', '2021', '2500000'),
(200, 60, '2', '2021', '2500000'),
(201, 61, '2', '2021', '0'),
(202, 62, '2', '2021', '0'),
(203, 63, '2', '2021', '0'),
(204, 64, '2', '2021', '0'),
(205, 65, '2', '2021', '0'),
(206, 66, '2', '2021', '0'),
(207, 67, '2', '2021', '0'),
(208, 68, '2', '2021', '0'),
(209, 69, '2', '2021', '0'),
(210, 70, '2', '2021', '3940000'),
(211, 71, '2', '2021', '0'),
(212, 72, '2', '2021', '0'),
(213, 73, '2', '2021', '16800000'),
(214, 74, '2', '2021', '4200000'),
(215, 75, '2', '2021', '1134000'),
(216, 76, '2', '2021', '9535000'),
(217, 77, '2', '2021', '0'),
(218, 78, '2', '2021', '2000000'),
(219, 79, '2', '2021', '7000000'),
(220, 80, '2', '2021', '0'),
(221, 81, '2', '2021', '0'),
(222, 82, '2', '2021', '0'),
(223, 83, '2', '2021', '0'),
(224, 84, '2', '2021', '0'),
(225, 85, '2', '2021', '0'),
(226, 86, '2', '2021', '0'),
(227, 87, '2', '2021', '0'),
(228, 88, '2', '2021', '0'),
(229, 89, '2', '2021', '0'),
(230, 90, '2', '2021', '0'),
(231, 91, '2', '2021', '0'),
(232, 92, '2', '2021', '0'),
(233, 93, '2', '2021', '0'),
(234, 94, '2', '2021', '0'),
(235, 95, '2', '2021', '0'),
(236, 96, '2', '2021', '0'),
(237, 97, '2', '2021', '0'),
(238, 98, '2', '2021', '0'),
(239, 99, '2', '2021', '0'),
(240, 100, '2', '2021', '0'),
(241, 101, '2', '2021', '0'),
(242, 102, '2', '2021', '0'),
(243, 103, '2', '2021', '0'),
(244, 104, '2', '2021', '0'),
(245, 105, '2', '2021', '0'),
(246, 106, '2', '2021', '0'),
(247, 107, '2', '2021', '0'),
(248, 108, '2', '2021', '0'),
(249, 109, '2', '2021', '0'),
(250, 110, '2', '2021', '0'),
(251, 111, '2', '2021', '0'),
(252, 112, '2', '2021', '0'),
(253, 113, '2', '2021', '0'),
(254, 114, '2', '2021', '0'),
(255, 115, '2', '2021', '0'),
(256, 116, '2', '2021', '0'),
(257, 117, '2', '2021', '0'),
(258, 118, '2', '2021', '0'),
(259, 119, '2', '2021', '0'),
(260, 120, '2', '2021', '0'),
(261, 121, '2', '2021', '0'),
(262, 122, '2', '2021', '0'),
(263, 123, '2', '2021', '0'),
(264, 124, '2', '2021', '0'),
(265, 125, '2', '2021', '0'),
(266, 126, '2', '2021', '0'),
(267, 127, '2', '2021', '0'),
(268, 128, '2', '2021', '0'),
(269, 129, '2', '2021', '0'),
(270, 130, '2', '2021', '0'),
(271, 131, '2', '2021', '0'),
(272, 132, '2', '2021', '0'),
(273, 133, '2', '2021', '0'),
(274, 134, '2', '2021', '0'),
(275, 135, '2', '2021', '0'),
(276, 136, '2', '2021', '0'),
(277, 137, '2', '2021', '0'),
(278, 138, '2', '2021', '0'),
(279, 139, '2', '2021', '0'),
(280, 140, '2', '2021', '0'),
(281, 1, '3', '2021', '0'),
(282, 2, '3', '2021', '0'),
(283, 3, '3', '2021', '0'),
(284, 4, '3', '2021', '0'),
(285, 5, '3', '2021', '0'),
(286, 6, '3', '2021', '0'),
(287, 7, '3', '2021', '0'),
(288, 8, '3', '2021', '0'),
(289, 9, '3', '2021', '0'),
(290, 10, '3', '2021', '0'),
(291, 11, '3', '2021', '0'),
(292, 12, '3', '2021', '0'),
(293, 13, '3', '2021', '0'),
(294, 14, '3', '2021', '0'),
(295, 15, '3', '2021', '0'),
(296, 16, '3', '2021', '0'),
(297, 17, '3', '2021', '72149562'),
(298, 18, '3', '2021', '9322052'),
(299, 19, '3', '2021', '7013300'),
(300, 20, '3', '2021', '2406249'),
(301, 21, '3', '2021', '6125525'),
(302, 22, '3', '2021', '0'),
(303, 23, '3', '2021', '13318'),
(304, 24, '3', '2021', '6400000'),
(305, 25, '3', '2021', '79420000'),
(306, 26, '3', '2021', '34170000'),
(307, 27, '3', '2021', '77590000'),
(308, 28, '3', '2021', '0'),
(309, 29, '3', '2021', '0'),
(310, 30, '3', '2021', '0'),
(311, 31, '3', '2021', '0'),
(312, 32, '3', '2021', '0'),
(313, 33, '3', '2021', '0'),
(314, 34, '3', '2021', '0'),
(315, 35, '3', '2021', '7440000'),
(316, 36, '3', '2021', '30000000'),
(317, 37, '3', '2021', '0'),
(318, 38, '3', '2021', '0'),
(319, 39, '3', '2021', '0'),
(320, 40, '3', '2021', '0'),
(321, 41, '3', '2021', '0'),
(322, 42, '3', '2021', '1466652'),
(323, 43, '3', '2021', '0'),
(324, 44, '3', '2021', '0'),
(325, 45, '3', '2021', '0'),
(326, 46, '3', '2021', '0'),
(327, 47, '3', '2021', '0'),
(328, 48, '3', '2021', '0'),
(329, 49, '3', '2021', '0'),
(330, 50, '3', '2021', '0'),
(331, 51, '3', '2021', '0'),
(332, 52, '3', '2021', '0'),
(333, 53, '3', '2021', '0'),
(334, 54, '3', '2021', '0'),
(335, 55, '3', '2021', '0'),
(336, 56, '3', '2021', '0'),
(337, 57, '3', '2021', '0'),
(338, 58, '3', '2021', '0'),
(339, 59, '3', '2021', '0'),
(340, 60, '3', '2021', '0'),
(341, 61, '3', '2021', '1000000'),
(342, 62, '3', '2021', '16000000'),
(343, 63, '3', '2021', '38000000'),
(344, 64, '3', '2021', '15000000'),
(345, 65, '3', '2021', '0'),
(346, 66, '3', '2021', '0'),
(347, 67, '3', '2021', '0'),
(348, 68, '3', '2021', '0'),
(349, 69, '3', '2021', '0'),
(350, 70, '3', '2021', '0'),
(351, 71, '3', '2021', '0'),
(352, 72, '3', '2021', '0'),
(353, 73, '3', '2021', '16800000'),
(354, 74, '3', '2021', '4200000'),
(355, 75, '3', '2021', '1134000'),
(356, 76, '3', '2021', '0'),
(357, 77, '3', '2021', '25000'),
(358, 78, '3', '2021', '0'),
(359, 79, '3', '2021', '0'),
(360, 80, '3', '2021', '0'),
(361, 81, '3', '2021', '0'),
(362, 82, '3', '2021', '0'),
(363, 83, '3', '2021', '0'),
(364, 84, '3', '2021', '0'),
(365, 85, '3', '2021', '0'),
(366, 86, '3', '2021', '95093420'),
(367, 87, '3', '2021', '1508'),
(368, 88, '3', '2021', '7862996'),
(369, 89, '3', '2021', '0'),
(370, 90, '3', '2021', '0'),
(371, 91, '3', '2021', '0'),
(372, 92, '3', '2021', '0'),
(373, 93, '3', '2021', '0'),
(374, 94, '3', '2021', '0'),
(375, 95, '3', '2021', '0'),
(376, 96, '3', '2021', '0'),
(377, 97, '3', '2021', '0'),
(378, 98, '3', '2021', '0'),
(379, 99, '3', '2021', '0'),
(380, 100, '3', '2021', '0'),
(381, 101, '3', '2021', '0'),
(382, 102, '3', '2021', '0'),
(383, 103, '3', '2021', '0'),
(384, 104, '3', '2021', '0'),
(385, 105, '3', '2021', '0'),
(386, 106, '3', '2021', '0'),
(387, 107, '3', '2021', '0'),
(388, 108, '3', '2021', '0'),
(389, 109, '3', '2021', '0'),
(390, 110, '3', '2021', '0'),
(391, 111, '3', '2021', '0'),
(392, 112, '3', '2021', '0'),
(393, 113, '3', '2021', '0'),
(394, 114, '3', '2021', '0'),
(395, 115, '3', '2021', '0'),
(396, 116, '3', '2021', '0'),
(397, 117, '3', '2021', '0'),
(398, 118, '3', '2021', '0'),
(399, 119, '3', '2021', '0'),
(400, 120, '3', '2021', '0'),
(401, 121, '3', '2021', '0'),
(402, 122, '3', '2021', '0'),
(403, 123, '3', '2021', '0'),
(404, 124, '3', '2021', '0'),
(405, 125, '3', '2021', '0'),
(406, 126, '3', '2021', '0'),
(407, 127, '3', '2021', '0'),
(408, 128, '3', '2021', '0'),
(409, 129, '3', '2021', '0'),
(410, 130, '3', '2021', '0'),
(411, 131, '3', '2021', '0'),
(412, 132, '3', '2021', '0'),
(413, 133, '3', '2021', '0'),
(414, 134, '3', '2021', '0'),
(415, 135, '3', '2021', '0'),
(416, 136, '3', '2021', '0'),
(417, 137, '3', '2021', '0'),
(418, 138, '3', '2021', '0'),
(419, 139, '3', '2021', '0'),
(420, 140, '3', '2021', '0'),
(421, 1, '4', '2021', '0'),
(422, 2, '4', '2021', '0'),
(423, 3, '4', '2021', '0'),
(424, 4, '4', '2021', '0'),
(425, 5, '4', '2021', '0'),
(426, 6, '4', '2021', '0'),
(427, 7, '4', '2021', '0'),
(428, 8, '4', '2021', '0'),
(429, 9, '4', '2021', '0'),
(430, 10, '4', '2021', '0'),
(431, 11, '4', '2021', '0'),
(432, 12, '4', '2021', '0'),
(433, 13, '4', '2021', '0'),
(434, 14, '4', '2021', '0'),
(435, 15, '4', '2021', '0'),
(436, 16, '4', '2021', '0'),
(437, 17, '4', '2021', '72149562'),
(438, 18, '4', '2021', '9322052'),
(439, 19, '4', '2021', '7013300'),
(440, 20, '4', '2021', '2406250'),
(441, 21, '4', '2021', '6125525'),
(442, 22, '4', '2021', '0'),
(443, 23, '4', '2021', '13318'),
(444, 24, '4', '2021', '6400000'),
(445, 25, '4', '2021', '79420000'),
(446, 26, '4', '2021', '34170000'),
(447, 27, '4', '2021', '77590000'),
(448, 28, '4', '2021', '0'),
(449, 29, '4', '2021', '0'),
(450, 30, '4', '2021', '0'),
(451, 31, '4', '2021', '0'),
(452, 32, '4', '2021', '0'),
(453, 33, '4', '2021', '0'),
(454, 34, '4', '2021', '0'),
(455, 35, '4', '2021', '7440000'),
(456, 36, '4', '2021', '0'),
(457, 37, '4', '2021', '0'),
(458, 38, '4', '2021', '0'),
(459, 39, '4', '2021', '0'),
(460, 40, '4', '2021', '0'),
(461, 41, '4', '2021', '0'),
(462, 42, '4', '2021', '0'),
(463, 43, '4', '2021', '2000000'),
(464, 44, '4', '2021', '2000000'),
(465, 45, '4', '2021', '2911654'),
(466, 46, '4', '2021', '8000000'),
(467, 47, '4', '2021', '153293000'),
(468, 48, '4', '2021', '4050000'),
(469, 49, '4', '2021', '0'),
(470, 50, '4', '2021', '0'),
(471, 51, '4', '2021', '0'),
(472, 52, '4', '2021', '0'),
(473, 53, '4', '2021', '0'),
(474, 54, '4', '2021', '0'),
(475, 55, '4', '2021', '0'),
(476, 56, '4', '2021', '0'),
(477, 57, '4', '2021', '0'),
(478, 58, '4', '2021', '0'),
(479, 59, '4', '2021', '1500000'),
(480, 60, '4', '2021', '6000000'),
(481, 61, '4', '2021', '0'),
(482, 62, '4', '2021', '0'),
(483, 63, '4', '2021', '0'),
(484, 64, '4', '2021', '0'),
(485, 65, '4', '2021', '0'),
(486, 66, '4', '2021', '0'),
(487, 67, '4', '2021', '0'),
(488, 68, '4', '2021', '0'),
(489, 69, '4', '2021', '500000'),
(490, 70, '4', '2021', '560000'),
(491, 71, '4', '2021', '0'),
(492, 72, '4', '2021', '4000000'),
(493, 73, '4', '2021', '16800000'),
(494, 74, '4', '2021', '4200000'),
(495, 75, '4', '2021', '1134000'),
(496, 76, '4', '2021', '0'),
(497, 77, '4', '2021', '0'),
(498, 78, '4', '2021', '0'),
(499, 79, '4', '2021', '0'),
(500, 80, '4', '2021', '0'),
(501, 81, '4', '2021', '0'),
(502, 82, '4', '2021', '0'),
(503, 83, '4', '2021', '0'),
(504, 84, '4', '2021', '0'),
(505, 85, '4', '2021', '0'),
(506, 86, '4', '2021', '70000000'),
(507, 87, '4', '2021', '0'),
(508, 88, '4', '2021', '7042076'),
(509, 89, '4', '2021', '0'),
(510, 90, '4', '2021', '0'),
(511, 91, '4', '2021', '0'),
(512, 92, '4', '2021', '0'),
(513, 93, '4', '2021', '0'),
(514, 94, '4', '2021', '0'),
(515, 95, '4', '2021', '0'),
(516, 96, '4', '2021', '0'),
(517, 97, '4', '2021', '0'),
(518, 98, '4', '2021', '0'),
(519, 99, '4', '2021', '0'),
(520, 100, '4', '2021', '0'),
(521, 101, '4', '2021', '0'),
(522, 102, '4', '2021', '0'),
(523, 103, '4', '2021', '0'),
(524, 104, '4', '2021', '0'),
(525, 105, '4', '2021', '0'),
(526, 106, '4', '2021', '0'),
(527, 107, '4', '2021', '0'),
(528, 108, '4', '2021', '0'),
(529, 109, '4', '2021', '0'),
(530, 110, '4', '2021', '0'),
(531, 111, '4', '2021', '0'),
(532, 112, '4', '2021', '0'),
(533, 113, '4', '2021', '0'),
(534, 114, '4', '2021', '0'),
(535, 115, '4', '2021', '0'),
(536, 116, '4', '2021', '0'),
(537, 117, '4', '2021', '0'),
(538, 118, '4', '2021', '0'),
(539, 119, '4', '2021', '0'),
(540, 120, '4', '2021', '0'),
(541, 121, '4', '2021', '0'),
(542, 122, '4', '2021', '0'),
(543, 123, '4', '2021', '0'),
(544, 124, '4', '2021', '0'),
(545, 125, '4', '2021', '0'),
(546, 126, '4', '2021', '0'),
(547, 127, '4', '2021', '2000000'),
(548, 128, '4', '2021', '6075000'),
(549, 129, '4', '2021', '0'),
(550, 130, '4', '2021', '0'),
(551, 131, '4', '2021', '0'),
(552, 132, '4', '2021', '0'),
(553, 133, '4', '2021', '0'),
(554, 134, '4', '2021', '0'),
(555, 135, '4', '2021', '0'),
(556, 136, '4', '2021', '0'),
(557, 137, '4', '2021', '0'),
(558, 138, '4', '2021', '0'),
(559, 139, '4', '2021', '0'),
(560, 140, '4', '2021', '0'),
(561, 1, '5', '2021', '0'),
(562, 2, '5', '2021', '0'),
(563, 3, '5', '2021', '0'),
(564, 4, '5', '2021', '0'),
(565, 5, '5', '2021', '0'),
(566, 6, '5', '2021', '0'),
(567, 7, '5', '2021', '0'),
(568, 8, '5', '2021', '0'),
(569, 9, '5', '2021', '0'),
(570, 10, '5', '2021', '0'),
(571, 11, '5', '2021', '0'),
(572, 12, '5', '2021', '0'),
(573, 13, '5', '2021', '0'),
(574, 14, '5', '2021', '0'),
(575, 15, '5', '2021', '0'),
(576, 16, '5', '2021', '0'),
(577, 17, '5', '2021', '144299124'),
(578, 18, '5', '2021', '18644105'),
(579, 19, '5', '2021', '14026600'),
(580, 20, '5', '2021', '4812500'),
(581, 21, '5', '2021', '6125525'),
(582, 22, '5', '2021', '0'),
(583, 23, '5', '2021', '13318'),
(584, 24, '5', '2021', '6400000'),
(585, 25, '5', '2021', '79420000'),
(586, 26, '5', '2021', '34170000'),
(587, 27, '5', '2021', '77590000'),
(588, 28, '5', '2021', '0'),
(589, 29, '5', '2021', '0'),
(590, 30, '5', '2021', '0'),
(591, 31, '5', '2021', '0'),
(592, 32, '5', '2021', '0'),
(593, 33, '5', '2021', '0'),
(594, 34, '5', '2021', '0'),
(595, 35, '5', '2021', '7440000'),
(596, 36, '5', '2021', '0'),
(597, 37, '5', '2021', '0'),
(598, 38, '5', '2021', '0'),
(599, 39, '5', '2021', '0'),
(600, 40, '5', '2021', '0'),
(601, 41, '5', '2021', '0'),
(602, 42, '5', '2021', '0'),
(603, 43, '5', '2021', '0'),
(604, 44, '5', '2021', '0'),
(605, 45, '5', '2021', '0'),
(606, 46, '5', '2021', '0'),
(607, 47, '5', '2021', '0'),
(608, 48, '5', '2021', '0'),
(609, 49, '5', '2021', '0'),
(610, 50, '5', '2021', '0'),
(611, 51, '5', '2021', '0'),
(612, 52, '5', '2021', '0'),
(613, 53, '5', '2021', '0'),
(614, 54, '5', '2021', '0'),
(615, 55, '5', '2021', '0'),
(616, 56, '5', '2021', '0'),
(617, 57, '5', '2021', '0'),
(618, 58, '5', '2021', '0'),
(619, 59, '5', '2021', '8000000'),
(620, 60, '5', '2021', '0'),
(621, 61, '5', '2021', '0'),
(622, 62, '5', '2021', '0'),
(623, 63, '5', '2021', '0'),
(624, 64, '5', '2021', '0'),
(625, 65, '5', '2021', '0'),
(626, 66, '5', '2021', '0'),
(627, 67, '5', '2021', '0'),
(628, 68, '5', '2021', '0'),
(629, 69, '5', '2021', '0'),
(630, 70, '5', '2021', '0'),
(631, 71, '5', '2021', '0'),
(632, 72, '5', '2021', '0'),
(633, 73, '5', '2021', '33600000'),
(634, 74, '5', '2021', '8400000'),
(635, 75, '5', '2021', '1134000'),
(636, 76, '5', '2021', '0'),
(637, 77, '5', '2021', '0'),
(638, 78, '5', '2021', '0'),
(639, 79, '5', '2021', '0'),
(640, 80, '5', '2021', '0'),
(641, 81, '5', '2021', '0'),
(642, 82, '5', '2021', '0'),
(643, 83, '5', '2021', '0'),
(644, 84, '5', '2021', '0'),
(645, 85, '5', '2021', '0'),
(646, 86, '5', '2021', '0'),
(647, 87, '5', '2021', '0'),
(648, 88, '5', '2021', '0'),
(649, 89, '5', '2021', '0'),
(650, 90, '5', '2021', '0'),
(651, 91, '5', '2021', '0'),
(652, 92, '5', '2021', '0'),
(653, 93, '5', '2021', '0'),
(654, 94, '5', '2021', '0'),
(655, 95, '5', '2021', '0'),
(656, 96, '5', '2021', '0'),
(657, 97, '5', '2021', '0'),
(658, 98, '5', '2021', '0'),
(659, 99, '5', '2021', '0'),
(660, 100, '5', '2021', '0'),
(661, 101, '5', '2021', '0'),
(662, 102, '5', '2021', '0'),
(663, 103, '5', '2021', '0'),
(664, 104, '5', '2021', '0'),
(665, 105, '5', '2021', '0'),
(666, 106, '5', '2021', '0'),
(667, 107, '5', '2021', '0'),
(668, 108, '5', '2021', '0'),
(669, 109, '5', '2021', '0'),
(670, 110, '5', '2021', '0'),
(671, 111, '5', '2021', '0'),
(672, 112, '5', '2021', '0'),
(673, 113, '5', '2021', '0'),
(674, 114, '5', '2021', '0'),
(675, 115, '5', '2021', '0'),
(676, 116, '5', '2021', '0'),
(677, 117, '5', '2021', '0'),
(678, 118, '5', '2021', '0'),
(679, 119, '5', '2021', '0'),
(680, 120, '5', '2021', '0'),
(681, 121, '5', '2021', '0'),
(682, 122, '5', '2021', '0'),
(683, 123, '5', '2021', '0'),
(684, 124, '5', '2021', '0'),
(685, 125, '5', '2021', '0'),
(686, 126, '5', '2021', '0'),
(687, 127, '5', '2021', '0'),
(688, 128, '5', '2021', '0'),
(689, 129, '5', '2021', '0'),
(690, 130, '5', '2021', '0'),
(691, 131, '5', '2021', '0'),
(692, 132, '5', '2021', '0'),
(693, 133, '5', '2021', '0'),
(694, 134, '5', '2021', '9250000'),
(695, 135, '5', '2021', '15800000'),
(696, 136, '5', '2021', '0'),
(697, 137, '5', '2021', '0'),
(698, 138, '5', '2021', '0'),
(699, 139, '5', '2021', '0'),
(700, 140, '5', '2021', '0'),
(701, 1, '6', '2021', '0'),
(702, 2, '6', '2021', '0'),
(703, 3, '6', '2021', '0'),
(704, 4, '6', '2021', '0'),
(705, 5, '6', '2021', '0'),
(706, 6, '6', '2021', '0'),
(707, 7, '6', '2021', '0'),
(708, 8, '6', '2021', '0'),
(709, 9, '6', '2021', '0'),
(710, 10, '6', '2021', '0'),
(711, 11, '6', '2021', '0'),
(712, 12, '6', '2021', '0'),
(713, 13, '6', '2021', '0'),
(714, 14, '6', '2021', '0'),
(715, 15, '6', '2021', '0'),
(716, 16, '6', '2021', '0'),
(717, 17, '6', '2021', '72149562'),
(718, 18, '6', '2021', '9322052'),
(719, 19, '6', '2021', '7013300'),
(720, 20, '6', '2021', '2406249'),
(721, 21, '6', '2021', '6125525'),
(722, 22, '6', '2021', '0'),
(723, 23, '6', '2021', '13318'),
(724, 24, '6', '2021', '6400000'),
(725, 25, '6', '2021', '79420000'),
(726, 26, '6', '2021', '34170000'),
(727, 27, '6', '2021', '77590000'),
(728, 28, '6', '2021', '0'),
(729, 29, '6', '2021', '0'),
(730, 30, '6', '2021', '0'),
(731, 31, '6', '2021', '0'),
(732, 32, '6', '2021', '0'),
(733, 33, '6', '2021', '0'),
(734, 34, '6', '2021', '0'),
(735, 35, '6', '2021', '7440000'),
(736, 36, '6', '2021', '0'),
(737, 37, '6', '2021', '35000'),
(738, 38, '6', '2021', '0'),
(739, 39, '6', '2021', '0'),
(740, 40, '6', '2021', '0'),
(741, 41, '6', '2021', '0'),
(742, 42, '6', '2021', '0'),
(743, 43, '6', '2021', '0'),
(744, 44, '6', '2021', '0'),
(745, 45, '6', '2021', '0'),
(746, 46, '6', '2021', '0'),
(747, 47, '6', '2021', '0'),
(748, 48, '6', '2021', '0'),
(749, 49, '6', '2021', '0'),
(750, 50, '6', '2021', '0'),
(751, 51, '6', '2021', '0'),
(752, 52, '6', '2021', '0'),
(753, 53, '6', '2021', '0'),
(754, 54, '6', '2021', '0'),
(755, 55, '6', '2021', '0'),
(756, 56, '6', '2021', '0'),
(757, 57, '6', '2021', '0'),
(758, 58, '6', '2021', '0'),
(759, 59, '6', '2021', '65500'),
(760, 60, '6', '2021', '0'),
(761, 61, '6', '2021', '0'),
(762, 62, '6', '2021', '0'),
(763, 63, '6', '2021', '0'),
(764, 64, '6', '2021', '0'),
(765, 65, '6', '2021', '0'),
(766, 66, '6', '2021', '0'),
(767, 67, '6', '2021', '0'),
(768, 68, '6', '2021', '0'),
(769, 69, '6', '2021', '0'),
(770, 70, '6', '2021', '0'),
(771, 71, '6', '2021', '0'),
(772, 72, '6', '2021', '0'),
(773, 73, '6', '2021', '16800000'),
(774, 74, '6', '2021', '4200000'),
(775, 75, '6', '2021', '1134000'),
(776, 76, '6', '2021', '0'),
(777, 77, '6', '2021', '0'),
(778, 78, '6', '2021', '0'),
(779, 79, '6', '2021', '0'),
(780, 80, '6', '2021', '0'),
(781, 81, '6', '2021', '0'),
(782, 82, '6', '2021', '0'),
(783, 83, '6', '2021', '0'),
(784, 84, '6', '2021', '0'),
(785, 85, '6', '2021', '0'),
(786, 86, '6', '2021', '0'),
(787, 87, '6', '2021', '0'),
(788, 88, '6', '2021', '0'),
(789, 89, '6', '2021', '0'),
(790, 90, '6', '2021', '0'),
(791, 91, '6', '2021', '0'),
(792, 92, '6', '2021', '0'),
(793, 93, '6', '2021', '0'),
(794, 94, '6', '2021', '0'),
(795, 95, '6', '2021', '0'),
(796, 96, '6', '2021', '0'),
(797, 97, '6', '2021', '0'),
(798, 98, '6', '2021', '0'),
(799, 99, '6', '2021', '0'),
(800, 100, '6', '2021', '0'),
(801, 101, '6', '2021', '0'),
(802, 102, '6', '2021', '0'),
(803, 103, '6', '2021', '0'),
(804, 104, '6', '2021', '0'),
(805, 105, '6', '2021', '0'),
(806, 106, '6', '2021', '0'),
(807, 107, '6', '2021', '0'),
(808, 108, '6', '2021', '0'),
(809, 109, '6', '2021', '0'),
(810, 110, '6', '2021', '0'),
(811, 111, '6', '2021', '0'),
(812, 112, '6', '2021', '0'),
(813, 113, '6', '2021', '0'),
(814, 114, '6', '2021', '0'),
(815, 115, '6', '2021', '0'),
(816, 116, '6', '2021', '0'),
(817, 117, '6', '2021', '0'),
(818, 118, '6', '2021', '0'),
(819, 119, '6', '2021', '0'),
(820, 120, '6', '2021', '0'),
(821, 121, '6', '2021', '0'),
(822, 122, '6', '2021', '0'),
(823, 123, '6', '2021', '0'),
(824, 124, '6', '2021', '0'),
(825, 125, '6', '2021', '0'),
(826, 126, '6', '2021', '0'),
(827, 127, '6', '2021', '0'),
(828, 128, '6', '2021', '0'),
(829, 129, '6', '2021', '0'),
(830, 130, '6', '2021', '0'),
(831, 131, '6', '2021', '0'),
(832, 132, '6', '2021', '0'),
(833, 133, '6', '2021', '0'),
(834, 134, '6', '2021', '0'),
(835, 135, '6', '2021', '0'),
(836, 136, '6', '2021', '0'),
(837, 137, '6', '2021', '0'),
(838, 138, '6', '2021', '0'),
(839, 139, '6', '2021', '0'),
(840, 140, '6', '2021', '0'),
(841, 1, '7', '2021', '0'),
(842, 2, '7', '2021', '0'),
(843, 3, '7', '2021', '0'),
(844, 4, '7', '2021', '0'),
(845, 5, '7', '2021', '0'),
(846, 6, '7', '2021', '0'),
(847, 7, '7', '2021', '0'),
(848, 8, '7', '2021', '0'),
(849, 9, '7', '2021', '0'),
(850, 10, '7', '2021', '0'),
(851, 11, '7', '2021', '0'),
(852, 12, '7', '2021', '0'),
(853, 13, '7', '2021', '0'),
(854, 14, '7', '2021', '2145000'),
(855, 15, '7', '2021', '510000'),
(856, 16, '7', '2021', '2345000'),
(857, 17, '7', '2021', '144299124'),
(858, 18, '7', '2021', '18644105'),
(859, 19, '7', '2021', '14026600'),
(860, 20, '7', '2021', '4812500'),
(861, 21, '7', '2021', '6567010'),
(862, 22, '7', '2021', '0'),
(863, 23, '7', '2021', '13318'),
(864, 24, '7', '2021', '6400000'),
(865, 25, '7', '2021', '79420000'),
(866, 26, '7', '2021', '34170000'),
(867, 27, '7', '2021', '77590000'),
(868, 28, '7', '2021', '0'),
(869, 29, '7', '2021', '0'),
(870, 30, '7', '2021', '0'),
(871, 31, '7', '2021', '0'),
(872, 32, '7', '2021', '0'),
(873, 33, '7', '2021', '0'),
(874, 34, '7', '2021', '0'),
(875, 35, '7', '2021', '7440000'),
(876, 36, '7', '2021', '0'),
(877, 37, '7', '2021', '1830000'),
(878, 38, '7', '2021', '3250000'),
(879, 39, '7', '2021', '8100000'),
(880, 40, '7', '2021', '1785000'),
(881, 41, '7', '2021', '43'),
(882, 42, '7', '2021', '3533305'),
(883, 43, '7', '2021', '3023650'),
(884, 44, '7', '2021', '3065274'),
(885, 45, '7', '2021', '1114346'),
(886, 46, '7', '2021', '0'),
(887, 47, '7', '2021', '0'),
(888, 48, '7', '2021', '0'),
(889, 49, '7', '2021', '275'),
(890, 50, '7', '2021', '4749725'),
(891, 51, '7', '2021', '5000000'),
(892, 52, '7', '2021', '5250000'),
(893, 53, '7', '2021', '11000'),
(894, 54, '7', '2021', '9989000'),
(895, 55, '7', '2021', '4000'),
(896, 56, '7', '2021', '5100000'),
(897, 57, '7', '2021', '5841000'),
(898, 58, '7', '2021', '0'),
(899, 59, '7', '2021', '0'),
(900, 60, '7', '2021', '6000000'),
(901, 61, '7', '2021', '0'),
(902, 62, '7', '2021', '0'),
(903, 63, '7', '2021', '0'),
(904, 64, '7', '2021', '0'),
(905, 65, '7', '2021', '0'),
(906, 66, '7', '2021', '0'),
(907, 67, '7', '2021', '0'),
(908, 68, '7', '2021', '0'),
(909, 69, '7', '2021', '0'),
(910, 70, '7', '2021', '0'),
(911, 71, '7', '2021', '0'),
(912, 72, '7', '2021', '5000000'),
(913, 73, '7', '2021', '16800000'),
(914, 74, '7', '2021', '4200000'),
(915, 75, '7', '2021', '1134000'),
(916, 76, '7', '2021', '0'),
(917, 77, '7', '2021', '0'),
(918, 78, '7', '2021', '0'),
(919, 79, '7', '2021', '0'),
(920, 80, '7', '2021', '0'),
(921, 81, '7', '2021', '0'),
(922, 82, '7', '2021', '0'),
(923, 83, '7', '2021', '0'),
(924, 84, '7', '2021', '0'),
(925, 85, '7', '2021', '0'),
(926, 86, '7', '2021', '0'),
(927, 87, '7', '2021', '0'),
(928, 88, '7', '2021', '0'),
(929, 89, '7', '2021', '206000'),
(930, 90, '7', '2021', '6050000'),
(931, 91, '7', '2021', '14058000'),
(932, 92, '7', '2021', '334500'),
(933, 93, '7', '2021', '4750000'),
(934, 94, '7', '2021', '19915500'),
(935, 95, '7', '2021', '28000'),
(936, 96, '7', '2021', '6400000'),
(937, 97, '7', '2021', '5500000'),
(938, 98, '7', '2021', '20000000'),
(939, 99, '7', '2021', '18744000'),
(940, 100, '7', '2021', '0'),
(941, 101, '7', '2021', '0'),
(942, 102, '7', '2021', '0'),
(943, 103, '7', '2021', '0'),
(944, 104, '7', '2021', '0'),
(945, 105, '7', '2021', '0'),
(946, 106, '7', '2021', '0'),
(947, 107, '7', '2021', '0'),
(948, 108, '7', '2021', '0'),
(949, 109, '7', '2021', '0'),
(950, 110, '7', '2021', '0'),
(951, 111, '7', '2021', '0'),
(952, 112, '7', '2021', '0'),
(953, 113, '7', '2021', '0'),
(954, 114, '7', '2021', '0'),
(955, 115, '7', '2021', '0'),
(956, 116, '7', '2021', '0'),
(957, 117, '7', '2021', '0'),
(958, 118, '7', '2021', '0'),
(959, 119, '7', '2021', '0'),
(960, 120, '7', '2021', '0'),
(961, 121, '7', '2021', '0'),
(962, 122, '7', '2021', '0'),
(963, 123, '7', '2021', '0'),
(964, 124, '7', '2021', '0'),
(965, 125, '7', '2021', '0'),
(966, 126, '7', '2021', '0'),
(967, 127, '7', '2021', '0'),
(968, 128, '7', '2021', '0'),
(969, 129, '7', '2021', '0'),
(970, 130, '7', '2021', '0'),
(971, 131, '7', '2021', '0'),
(972, 132, '7', '2021', '0'),
(973, 133, '7', '2021', '0'),
(974, 134, '7', '2021', '0'),
(975, 135, '7', '2021', '0'),
(976, 136, '7', '2021', '0'),
(977, 137, '7', '2021', '0'),
(978, 138, '7', '2021', '0'),
(979, 139, '7', '2021', '0'),
(980, 140, '7', '2021', '0'),
(981, 1, '8', '2021', '975000'),
(982, 2, '8', '2021', '1050000'),
(983, 3, '8', '2021', '2975000'),
(984, 4, '8', '2021', '0'),
(985, 5, '8', '2021', '0'),
(986, 6, '8', '2021', '0'),
(987, 7, '8', '2021', '0'),
(988, 8, '8', '2021', '0'),
(989, 9, '8', '2021', '0'),
(990, 10, '8', '2021', '0'),
(991, 11, '8', '2021', '0'),
(992, 12, '8', '2021', '0'),
(993, 13, '8', '2021', '0'),
(994, 14, '8', '2021', '0'),
(995, 15, '8', '2021', '0'),
(996, 16, '8', '2021', '0'),
(997, 17, '8', '2021', '72149562'),
(998, 18, '8', '2021', '9322052'),
(999, 19, '8', '2021', '7013300'),
(1000, 20, '8', '2021', '2406250'),
(1001, 21, '8', '2021', '6125525'),
(1002, 22, '8', '2021', '0'),
(1003, 23, '8', '2021', '13318'),
(1004, 24, '8', '2021', '6400000'),
(1005, 25, '8', '2021', '79420000'),
(1006, 26, '8', '2021', '34170000'),
(1007, 27, '8', '2021', '77590000'),
(1008, 28, '8', '2021', '0'),
(1009, 29, '8', '2021', '0'),
(1010, 30, '8', '2021', '0'),
(1011, 31, '8', '2021', '0'),
(1012, 32, '8', '2021', '0'),
(1013, 33, '8', '2021', '0'),
(1014, 34, '8', '2021', '0'),
(1015, 35, '8', '2021', '7440000'),
(1016, 36, '8', '2021', '0'),
(1017, 37, '8', '2021', '0'),
(1018, 38, '8', '2021', '0'),
(1019, 39, '8', '2021', '0'),
(1020, 40, '8', '2021', '0'),
(1021, 41, '8', '2021', '0'),
(1022, 42, '8', '2021', '0'),
(1023, 43, '8', '2021', '3636000'),
(1024, 44, '8', '2021', '3922717'),
(1025, 45, '8', '2021', '277282'),
(1026, 46, '8', '2021', '0'),
(1027, 47, '8', '2021', '0'),
(1028, 48, '8', '2021', '0'),
(1029, 49, '8', '2021', '0'),
(1030, 50, '8', '2021', '0'),
(1031, 51, '8', '2021', '0'),
(1032, 52, '8', '2021', '0'),
(1033, 53, '8', '2021', '0'),
(1034, 54, '8', '2021', '0'),
(1035, 55, '8', '2021', '0'),
(1036, 56, '8', '2021', '0'),
(1037, 57, '8', '2021', '0'),
(1038, 58, '8', '2021', '0'),
(1039, 59, '8', '2021', '6000000'),
(1040, 60, '8', '2021', '0'),
(1041, 61, '8', '2021', '0'),
(1042, 62, '8', '2021', '0'),
(1043, 63, '8', '2021', '0'),
(1044, 64, '8', '2021', '0'),
(1045, 65, '8', '2021', '0'),
(1046, 66, '8', '2021', '0'),
(1047, 67, '8', '2021', '0'),
(1048, 68, '8', '2021', '0'),
(1049, 69, '8', '2021', '0'),
(1050, 70, '8', '2021', '0'),
(1051, 71, '8', '2021', '0'),
(1052, 72, '8', '2021', '2500000'),
(1053, 73, '8', '2021', '16800000'),
(1054, 74, '8', '2021', '4200000'),
(1055, 75, '8', '2021', '1134000'),
(1056, 76, '8', '2021', '0'),
(1057, 77, '8', '2021', '0'),
(1058, 78, '8', '2021', '0'),
(1059, 79, '8', '2021', '0'),
(1060, 80, '8', '2021', '0'),
(1061, 81, '8', '2021', '0'),
(1062, 82, '8', '2021', '0'),
(1063, 83, '8', '2021', '0'),
(1064, 84, '8', '2021', '0'),
(1065, 85, '8', '2021', '0'),
(1066, 86, '8', '2021', '0'),
(1067, 87, '8', '2021', '0'),
(1068, 88, '8', '2021', '0'),
(1069, 89, '8', '2021', '0'),
(1070, 90, '8', '2021', '0'),
(1071, 91, '8', '2021', '0'),
(1072, 92, '8', '2021', '0'),
(1073, 93, '8', '2021', '0'),
(1074, 94, '8', '2021', '0'),
(1075, 95, '8', '2021', '0'),
(1076, 96, '8', '2021', '0'),
(1077, 97, '8', '2021', '0'),
(1078, 98, '8', '2021', '0'),
(1079, 99, '8', '2021', '0'),
(1080, 100, '8', '2021', '0'),
(1081, 101, '8', '2021', '0'),
(1082, 102, '8', '2021', '0'),
(1083, 103, '8', '2021', '0'),
(1084, 104, '8', '2021', '0'),
(1085, 105, '8', '2021', '175000'),
(1086, 106, '8', '2021', '11250000'),
(1087, 107, '8', '2021', '21087000'),
(1088, 108, '8', '2021', '0'),
(1089, 109, '8', '2021', '0'),
(1090, 110, '8', '2021', '0'),
(1091, 111, '8', '2021', '2640000'),
(1092, 112, '8', '2021', '7800000'),
(1093, 113, '8', '2021', '21600000'),
(1094, 114, '8', '2021', '6050000'),
(1095, 115, '8', '2021', '20000000'),
(1096, 116, '8', '2021', '0'),
(1097, 117, '8', '2021', '0'),
(1098, 118, '8', '2021', '0'),
(1099, 119, '8', '2021', '0'),
(1100, 120, '8', '2021', '0'),
(1101, 121, '8', '2021', '0'),
(1102, 122, '8', '2021', '0'),
(1103, 123, '8', '2021', '0'),
(1104, 124, '8', '2021', '0'),
(1105, 125, '8', '2021', '0'),
(1106, 126, '8', '2021', '0'),
(1107, 127, '8', '2021', '2000000'),
(1108, 128, '8', '2021', '6000000'),
(1109, 129, '8', '2021', '0'),
(1110, 130, '8', '2021', '0'),
(1111, 131, '8', '2021', '0'),
(1112, 132, '8', '2021', '0'),
(1113, 133, '8', '2021', '0'),
(1114, 134, '8', '2021', '0'),
(1115, 135, '8', '2021', '0'),
(1116, 136, '8', '2021', '0'),
(1117, 137, '8', '2021', '0'),
(1118, 138, '8', '2021', '0'),
(1119, 139, '8', '2021', '0'),
(1120, 140, '8', '2021', '0'),
(1121, 1, '9', '2021', '0'),
(1122, 2, '9', '2021', '0'),
(1123, 3, '9', '2021', '0'),
(1124, 4, '9', '2021', '0'),
(1125, 5, '9', '2021', '0'),
(1126, 6, '9', '2021', '0'),
(1127, 7, '9', '2021', '0'),
(1128, 8, '9', '2021', '497500'),
(1129, 9, '9', '2021', '2502500'),
(1130, 10, '9', '2021', '0'),
(1131, 11, '9', '2021', '0'),
(1132, 12, '9', '2021', '637500'),
(1133, 13, '9', '2021', '2362500'),
(1134, 14, '9', '2021', '0'),
(1135, 15, '9', '2021', '0'),
(1136, 16, '9', '2021', '0'),
(1137, 17, '9', '2021', '72149562'),
(1138, 18, '9', '2021', '9322052'),
(1139, 19, '9', '2021', '7013300'),
(1140, 20, '9', '2021', '2406249'),
(1141, 21, '9', '2021', '6125525'),
(1142, 22, '9', '2021', '0'),
(1143, 23, '9', '2021', '13318'),
(1144, 24, '9', '2021', '6400000'),
(1145, 25, '9', '2021', '79420000'),
(1146, 26, '9', '2021', '34170000'),
(1147, 27, '9', '2021', '77590000'),
(1148, 28, '9', '2021', '0'),
(1149, 29, '9', '2021', '0'),
(1150, 30, '9', '2021', '0'),
(1151, 31, '9', '2021', '0'),
(1152, 32, '9', '2021', '0'),
(1153, 33, '9', '2021', '0'),
(1154, 34, '9', '2021', '0'),
(1155, 35, '9', '2021', '7440000'),
(1156, 36, '9', '2021', '0'),
(1157, 37, '9', '2021', '0'),
(1158, 38, '9', '2021', '0'),
(1159, 39, '9', '2021', '0'),
(1160, 40, '9', '2021', '0'),
(1161, 41, '9', '2021', '0'),
(1162, 42, '9', '2021', '0'),
(1163, 43, '9', '2021', '0'),
(1164, 44, '9', '2021', '0'),
(1165, 45, '9', '2021', '0'),
(1166, 46, '9', '2021', '0'),
(1167, 47, '9', '2021', '0'),
(1168, 48, '9', '2021', '0'),
(1169, 49, '9', '2021', '0'),
(1170, 50, '9', '2021', '0'),
(1171, 51, '9', '2021', '0'),
(1172, 52, '9', '2021', '0'),
(1173, 53, '9', '2021', '0'),
(1174, 54, '9', '2021', '0'),
(1175, 55, '9', '2021', '0'),
(1176, 56, '9', '2021', '0'),
(1177, 57, '9', '2021', '0'),
(1178, 58, '9', '2021', '0'),
(1179, 59, '9', '2021', '5000000'),
(1180, 60, '9', '2021', '0'),
(1181, 61, '9', '2021', '0'),
(1182, 62, '9', '2021', '0'),
(1183, 63, '9', '2021', '0'),
(1184, 64, '9', '2021', '0'),
(1185, 65, '9', '2021', '0'),
(1186, 66, '9', '2021', '0'),
(1187, 67, '9', '2021', '0'),
(1188, 68, '9', '2021', '0'),
(1189, 69, '9', '2021', '0'),
(1190, 70, '9', '2021', '0'),
(1191, 71, '9', '2021', '0'),
(1192, 72, '9', '2021', '0'),
(1193, 73, '9', '2021', '16800000'),
(1194, 74, '9', '2021', '4200000'),
(1195, 75, '9', '2021', '1134000'),
(1196, 76, '9', '2021', '0'),
(1197, 77, '9', '2021', '0'),
(1198, 78, '9', '2021', '0'),
(1199, 79, '9', '2021', '0'),
(1200, 80, '9', '2021', '100000'),
(1201, 81, '9', '2021', '6900000'),
(1202, 82, '9', '2021', '6900000'),
(1203, 83, '9', '2021', '600000'),
(1204, 84, '9', '2021', '2500000'),
(1205, 85, '9', '2021', '3000000'),
(1206, 86, '9', '2021', '0'),
(1207, 87, '9', '2021', '0'),
(1208, 88, '9', '2021', '0'),
(1209, 89, '9', '2021', '0'),
(1210, 90, '9', '2021', '0'),
(1211, 91, '9', '2021', '0'),
(1212, 92, '9', '2021', '0'),
(1213, 93, '9', '2021', '0'),
(1214, 94, '9', '2021', '0'),
(1215, 95, '9', '2021', '0'),
(1216, 96, '9', '2021', '0'),
(1217, 97, '9', '2021', '0'),
(1218, 98, '9', '2021', '0'),
(1219, 99, '9', '2021', '0'),
(1220, 100, '9', '2021', '0'),
(1221, 101, '9', '2021', '18039'),
(1222, 102, '9', '2021', '6400000'),
(1223, 103, '9', '2021', '14058000'),
(1224, 104, '9', '2021', '6132500'),
(1225, 105, '9', '2021', '0'),
(1226, 106, '9', '2021', '0'),
(1227, 107, '9', '2021', '0'),
(1228, 108, '9', '2021', '0'),
(1229, 109, '9', '2021', '0'),
(1230, 110, '9', '2021', '0'),
(1231, 111, '9', '2021', '0'),
(1232, 112, '9', '2021', '0'),
(1233, 113, '9', '2021', '0'),
(1234, 114, '9', '2021', '0'),
(1235, 115, '9', '2021', '0'),
(1236, 116, '9', '2021', '456000'),
(1237, 117, '9', '2021', '5800000'),
(1238, 118, '9', '2021', '11715000'),
(1239, 119, '9', '2021', '0'),
(1240, 120, '9', '2021', '0'),
(1241, 121, '9', '2021', '0'),
(1242, 122, '9', '2021', '0'),
(1243, 123, '9', '2021', '0'),
(1244, 124, '9', '2021', '0'),
(1245, 125, '9', '2021', '0'),
(1246, 126, '9', '2021', '0'),
(1247, 127, '9', '2021', '0'),
(1248, 128, '9', '2021', '0'),
(1249, 129, '9', '2021', '0'),
(1250, 130, '9', '2021', '0'),
(1251, 131, '9', '2021', '0'),
(1252, 132, '9', '2021', '0'),
(1253, 133, '9', '2021', '0'),
(1254, 134, '9', '2021', '0'),
(1255, 135, '9', '2021', '0'),
(1256, 136, '9', '2021', '0'),
(1257, 137, '9', '2021', '0'),
(1258, 138, '9', '2021', '0'),
(1259, 139, '9', '2021', '0'),
(1260, 140, '9', '2021', '0'),
(1261, 1, '10', '2021', '0'),
(1262, 2, '10', '2021', '0'),
(1263, 3, '10', '2021', '0'),
(1264, 4, '10', '2021', '431500'),
(1265, 5, '10', '2021', '300000'),
(1266, 6, '10', '2021', '2081000'),
(1267, 7, '10', '2021', '2187500'),
(1268, 8, '10', '2021', '0'),
(1269, 9, '10', '2021', '0'),
(1270, 10, '10', '2021', '0'),
(1271, 11, '10', '2021', '0'),
(1272, 12, '10', '2021', '0'),
(1273, 13, '10', '2021', '0'),
(1274, 14, '10', '2021', '0'),
(1275, 15, '10', '2021', '0'),
(1276, 16, '10', '2021', '0'),
(1277, 17, '10', '2021', '72149562'),
(1278, 18, '10', '2021', '9322052'),
(1279, 19, '10', '2021', '7013300'),
(1280, 20, '10', '2021', '2406250'),
(1281, 21, '10', '2021', '6125525'),
(1282, 22, '10', '2021', '0'),
(1283, 23, '10', '2021', '13318'),
(1284, 24, '10', '2021', '6400000'),
(1285, 25, '10', '2021', '79420000'),
(1286, 26, '10', '2021', '34170000'),
(1287, 27, '10', '2021', '77590000'),
(1288, 28, '10', '2021', '2025000'),
(1289, 29, '10', '2021', '2975000'),
(1290, 30, '10', '2021', '0'),
(1291, 31, '10', '2021', '0'),
(1292, 32, '10', '2021', '0'),
(1293, 33, '10', '2021', '0'),
(1294, 34, '10', '2021', '0'),
(1295, 35, '10', '2021', '7440000'),
(1296, 36, '10', '2021', '0'),
(1297, 37, '10', '2021', '0'),
(1298, 38, '10', '2021', '0'),
(1299, 39, '10', '2021', '0'),
(1300, 40, '10', '2021', '0'),
(1301, 41, '10', '2021', '0'),
(1302, 42, '10', '2021', '0'),
(1303, 43, '10', '2021', '3000000'),
(1304, 44, '10', '2021', '1009359'),
(1305, 45, '10', '2021', '0'),
(1306, 46, '10', '2021', '0'),
(1307, 47, '10', '2021', '0'),
(1308, 48, '10', '2021', '0'),
(1309, 49, '10', '2021', '0'),
(1310, 50, '10', '2021', '0'),
(1311, 51, '10', '2021', '0'),
(1312, 52, '10', '2021', '0'),
(1313, 53, '10', '2021', '0'),
(1314, 54, '10', '2021', '0'),
(1315, 55, '10', '2021', '0'),
(1316, 56, '10', '2021', '0'),
(1317, 57, '10', '2021', '10945000'),
(1318, 58, '10', '2021', '4500'),
(1319, 59, '10', '2021', '7350000'),
(1320, 60, '10', '2021', '5080000'),
(1321, 61, '10', '2021', '0'),
(1322, 62, '10', '2021', '0'),
(1323, 63, '10', '2021', '0'),
(1324, 64, '10', '2021', '0'),
(1325, 65, '10', '2021', '647500'),
(1326, 66, '10', '2021', '1822500'),
(1327, 67, '10', '2021', '7530000'),
(1328, 68, '10', '2021', '10000000'),
(1329, 69, '10', '2021', '0'),
(1330, 70, '10', '2021', '0'),
(1331, 71, '10', '2021', '12224'),
(1332, 72, '10', '2021', '4987776'),
(1333, 73, '10', '2021', '33600000'),
(1334, 74, '10', '2021', '8400000'),
(1335, 75, '10', '2021', '1134000'),
(1336, 76, '10', '2021', '9535000'),
(1337, 77, '10', '2021', '25000'),
(1338, 78, '10', '2021', '0'),
(1339, 79, '10', '2021', '9000000'),
(1340, 80, '10', '2021', '0'),
(1341, 81, '10', '2021', '0'),
(1342, 82, '10', '2021', '0'),
(1343, 83, '10', '2021', '0'),
(1344, 84, '10', '2021', '0'),
(1345, 85, '10', '2021', '0'),
(1346, 86, '10', '2021', '0'),
(1347, 87, '10', '2021', '0'),
(1348, 88, '10', '2021', '0'),
(1349, 89, '10', '2021', '0'),
(1350, 90, '10', '2021', '0'),
(1351, 91, '10', '2021', '0'),
(1352, 92, '10', '2021', '0'),
(1353, 93, '10', '2021', '0'),
(1354, 94, '10', '2021', '0'),
(1355, 95, '10', '2021', '0'),
(1356, 96, '10', '2021', '0'),
(1357, 97, '10', '2021', '0'),
(1358, 98, '10', '2021', '0'),
(1359, 99, '10', '2021', '0'),
(1360, 100, '10', '2021', '0'),
(1361, 101, '10', '2021', '5736'),
(1362, 102, '10', '2021', '6400000'),
(1363, 103, '10', '2021', '9372000'),
(1364, 104, '10', '2021', '4000000'),
(1365, 105, '10', '2021', '0'),
(1366, 106, '10', '2021', '0'),
(1367, 107, '10', '2021', '0'),
(1368, 108, '10', '2021', '98000'),
(1369, 109, '10', '2021', '6100000'),
(1370, 110, '10', '2021', '14058000'),
(1371, 111, '10', '2021', '0'),
(1372, 112, '10', '2021', '0'),
(1373, 113, '10', '2021', '0'),
(1374, 114, '10', '2021', '0'),
(1375, 115, '10', '2021', '0'),
(1376, 116, '10', '2021', '0'),
(1377, 117, '10', '2021', '0'),
(1378, 118, '10', '2021', '0'),
(1379, 119, '10', '2021', '10000'),
(1380, 120, '10', '2021', '3380000'),
(1381, 121, '10', '2021', '11350000'),
(1382, 122, '10', '2021', '1800000'),
(1383, 123, '10', '2021', '5390000'),
(1384, 124, '10', '2021', '10000000'),
(1385, 125, '10', '2021', '7800000'),
(1386, 126, '10', '2021', '0'),
(1387, 127, '10', '2021', '0'),
(1388, 128, '10', '2021', '0'),
(1389, 129, '10', '2021', '0'),
(1390, 130, '10', '2021', '0'),
(1391, 131, '10', '2021', '0'),
(1392, 132, '10', '2021', '0'),
(1393, 133, '10', '2021', '0'),
(1394, 134, '10', '2021', '0'),
(1395, 135, '10', '2021', '0'),
(1396, 136, '10', '2021', '0'),
(1397, 137, '10', '2021', '10000'),
(1398, 138, '10', '2021', '6100000'),
(1399, 139, '10', '2021', '14058000'),
(1400, 140, '10', '2021', '4935000'),
(1401, 1, '11', '2021', '0'),
(1402, 2, '11', '2021', '0'),
(1403, 3, '11', '2021', '0'),
(1404, 4, '11', '2021', '0'),
(1405, 5, '11', '2021', '0'),
(1406, 6, '11', '2021', '0'),
(1407, 7, '11', '2021', '0'),
(1408, 8, '11', '2021', '0'),
(1409, 9, '11', '2021', '0'),
(1410, 10, '11', '2021', '1745000'),
(1411, 11, '11', '2021', '3255000'),
(1412, 12, '11', '2021', '0'),
(1413, 13, '11', '2021', '0'),
(1414, 14, '11', '2021', '0'),
(1415, 15, '11', '2021', '0'),
(1416, 16, '11', '2021', '0'),
(1417, 17, '11', '2021', '72149562'),
(1418, 18, '11', '2021', '9322052'),
(1419, 19, '11', '2021', '7013300'),
(1420, 20, '11', '2021', '2406249'),
(1421, 21, '11', '2021', '6125525'),
(1422, 22, '11', '2021', '0'),
(1423, 23, '11', '2021', '13318'),
(1424, 24, '11', '2021', '6400000'),
(1425, 25, '11', '2021', '79420000'),
(1426, 26, '11', '2021', '34170000'),
(1427, 27, '11', '2021', '77590000'),
(1428, 28, '11', '2021', '0'),
(1429, 29, '11', '2021', '0'),
(1430, 30, '11', '2021', '525000'),
(1431, 31, '11', '2021', '1500000'),
(1432, 32, '11', '2021', '2975000'),
(1433, 33, '11', '2021', '310000'),
(1434, 34, '11', '2021', '4690000'),
(1435, 35, '11', '2021', '7440000'),
(1436, 36, '11', '2021', '0'),
(1437, 37, '11', '2021', '0'),
(1438, 38, '11', '2021', '0'),
(1439, 39, '11', '2021', '0'),
(1440, 40, '11', '2021', '0'),
(1441, 41, '11', '2021', '0'),
(1442, 42, '11', '2021', '0'),
(1443, 43, '11', '2021', '0'),
(1444, 44, '11', '2021', '0'),
(1445, 45, '11', '2021', '0'),
(1446, 46, '11', '2021', '0'),
(1447, 47, '11', '2021', '0'),
(1448, 48, '11', '2021', '0'),
(1449, 49, '11', '2021', '0'),
(1450, 50, '11', '2021', '0'),
(1451, 51, '11', '2021', '0'),
(1452, 52, '11', '2021', '0'),
(1453, 53, '11', '2021', '0'),
(1454, 54, '11', '2021', '0'),
(1455, 55, '11', '2021', '0'),
(1456, 56, '11', '2021', '0'),
(1457, 57, '11', '2021', '0'),
(1458, 58, '11', '2021', '0'),
(1459, 59, '11', '2021', '0'),
(1460, 60, '11', '2021', '0'),
(1461, 61, '11', '2021', '0'),
(1462, 62, '11', '2021', '0'),
(1463, 63, '11', '2021', '0'),
(1464, 64, '11', '2021', '0'),
(1465, 65, '11', '2021', '0'),
(1466, 66, '11', '2021', '0'),
(1467, 67, '11', '2021', '0'),
(1468, 68, '11', '2021', '0'),
(1469, 69, '11', '2021', '0'),
(1470, 70, '11', '2021', '0'),
(1471, 71, '11', '2021', '0'),
(1472, 72, '11', '2021', '0'),
(1473, 73, '11', '2021', '16800000'),
(1474, 74, '11', '2021', '4200000'),
(1475, 75, '11', '2021', '1134000'),
(1476, 76, '11', '2021', '0'),
(1477, 77, '11', '2021', '0'),
(1478, 78, '11', '2021', '0'),
(1479, 79, '11', '2021', '0'),
(1480, 80, '11', '2021', '0'),
(1481, 81, '11', '2021', '0'),
(1482, 82, '11', '2021', '0'),
(1483, 83, '11', '2021', '0'),
(1484, 84, '11', '2021', '0'),
(1485, 85, '11', '2021', '0'),
(1486, 86, '11', '2021', '0'),
(1487, 87, '11', '2021', '0'),
(1488, 88, '11', '2021', '0'),
(1489, 89, '11', '2021', '0'),
(1490, 90, '11', '2021', '0'),
(1491, 91, '11', '2021', '0'),
(1492, 92, '11', '2021', '0'),
(1493, 93, '11', '2021', '0'),
(1494, 94, '11', '2021', '0'),
(1495, 95, '11', '2021', '0'),
(1496, 96, '11', '2021', '0'),
(1497, 97, '11', '2021', '0'),
(1498, 98, '11', '2021', '0'),
(1499, 99, '11', '2021', '0'),
(1500, 100, '11', '2021', '0'),
(1501, 101, '11', '2021', '0'),
(1502, 102, '11', '2021', '0'),
(1503, 103, '11', '2021', '0'),
(1504, 104, '11', '2021', '0'),
(1505, 105, '11', '2021', '0'),
(1506, 106, '11', '2021', '0'),
(1507, 107, '11', '2021', '0'),
(1508, 108, '11', '2021', '0'),
(1509, 109, '11', '2021', '0'),
(1510, 110, '11', '2021', '0'),
(1511, 111, '11', '2021', '0'),
(1512, 112, '11', '2021', '0'),
(1513, 113, '11', '2021', '0'),
(1514, 114, '11', '2021', '0'),
(1515, 115, '11', '2021', '0'),
(1516, 116, '11', '2021', '0'),
(1517, 117, '11', '2021', '0'),
(1518, 118, '11', '2021', '0'),
(1519, 119, '11', '2021', '0'),
(1520, 120, '11', '2021', '0'),
(1521, 121, '11', '2021', '0'),
(1522, 122, '11', '2021', '0'),
(1523, 123, '11', '2021', '0'),
(1524, 124, '11', '2021', '0'),
(1525, 125, '11', '2021', '0'),
(1526, 126, '11', '2021', '125000'),
(1527, 127, '11', '2021', '1400000'),
(1528, 128, '11', '2021', '0'),
(1529, 129, '11', '2021', '0'),
(1530, 130, '11', '2021', '0'),
(1531, 131, '11', '2021', '0'),
(1532, 132, '11', '2021', '0'),
(1533, 133, '11', '2021', '0'),
(1534, 134, '11', '2021', '0'),
(1535, 135, '11', '2021', '0'),
(1536, 136, '11', '2021', '0'),
(1537, 137, '11', '2021', '0'),
(1538, 138, '11', '2021', '0'),
(1539, 139, '11', '2021', '0'),
(1540, 140, '11', '2021', '0'),
(1541, 1, '12', '2021', '0'),
(1542, 2, '12', '2021', '0'),
(1543, 3, '12', '2021', '0'),
(1544, 4, '12', '2021', '0'),
(1545, 5, '12', '2021', '0'),
(1546, 6, '12', '2021', '0'),
(1547, 7, '12', '2021', '0'),
(1548, 8, '12', '2021', '0'),
(1549, 9, '12', '2021', '0'),
(1550, 10, '12', '2021', '0'),
(1551, 11, '12', '2021', '0'),
(1552, 12, '12', '2021', '0'),
(1553, 13, '12', '2021', '0'),
(1554, 14, '12', '2021', '0'),
(1555, 15, '12', '2021', '0'),
(1556, 16, '12', '2021', '0'),
(1557, 17, '12', '2021', '64400562'),
(1558, 18, '12', '2021', '9322052'),
(1559, 19, '12', '2021', '7013300'),
(1560, 20, '12', '2021', '2406249'),
(1561, 21, '12', '2021', '6125525'),
(1562, 22, '12', '2021', '0'),
(1563, 23, '12', '2021', '13318'),
(1564, 24, '12', '2021', '6400000'),
(1565, 25, '12', '2021', '0'),
(1566, 26, '12', '2021', '0'),
(1567, 27, '12', '2021', '0'),
(1568, 28, '12', '2021', '0'),
(1569, 29, '12', '2021', '0'),
(1570, 30, '12', '2021', '0'),
(1571, 31, '12', '2021', '0'),
(1572, 32, '12', '2021', '0'),
(1573, 33, '12', '2021', '0'),
(1574, 34, '12', '2021', '0'),
(1575, 35, '12', '2021', '7440000'),
(1576, 36, '12', '2021', '0'),
(1577, 37, '12', '2021', '0'),
(1578, 38, '12', '2021', '0'),
(1579, 39, '12', '2021', '0'),
(1580, 40, '12', '2021', '0'),
(1581, 41, '12', '2021', '0'),
(1582, 42, '12', '2021', '0'),
(1583, 43, '12', '2021', '0'),
(1584, 44, '12', '2021', '0'),
(1585, 45, '12', '2021', '0'),
(1586, 46, '12', '2021', '0'),
(1587, 47, '12', '2021', '0'),
(1588, 48, '12', '2021', '0'),
(1589, 49, '12', '2021', '0'),
(1590, 50, '12', '2021', '0'),
(1591, 51, '12', '2021', '0'),
(1592, 52, '12', '2021', '0'),
(1593, 53, '12', '2021', '0'),
(1594, 54, '12', '2021', '0'),
(1595, 55, '12', '2021', '0'),
(1596, 56, '12', '2021', '0'),
(1597, 57, '12', '2021', '0'),
(1598, 58, '12', '2021', '0'),
(1599, 59, '12', '2021', '0'),
(1600, 60, '12', '2021', '0'),
(1601, 61, '12', '2021', '0'),
(1602, 62, '12', '2021', '0'),
(1603, 63, '12', '2021', '0'),
(1604, 64, '12', '2021', '0'),
(1605, 65, '12', '2021', '0'),
(1606, 66, '12', '2021', '0'),
(1607, 67, '12', '2021', '0'),
(1608, 68, '12', '2021', '0'),
(1609, 69, '12', '2021', '0'),
(1610, 70, '12', '2021', '0'),
(1611, 71, '12', '2021', '0'),
(1612, 72, '12', '2021', '0'),
(1613, 73, '12', '2021', '0'),
(1614, 74, '12', '2021', '0'),
(1615, 75, '12', '2021', '2268000'),
(1616, 76, '12', '2021', '0'),
(1617, 77, '12', '2021', '0'),
(1618, 78, '12', '2021', '0'),
(1619, 79, '12', '2021', '0'),
(1620, 80, '12', '2021', '0'),
(1621, 81, '12', '2021', '0'),
(1622, 82, '12', '2021', '0'),
(1623, 83, '12', '2021', '0'),
(1624, 84, '12', '2021', '0'),
(1625, 85, '12', '2021', '0'),
(1626, 86, '12', '2021', '0'),
(1627, 87, '12', '2021', '0'),
(1628, 88, '12', '2021', '0'),
(1629, 89, '12', '2021', '0'),
(1630, 90, '12', '2021', '0'),
(1631, 91, '12', '2021', '0'),
(1632, 92, '12', '2021', '0'),
(1633, 93, '12', '2021', '0'),
(1634, 94, '12', '2021', '0'),
(1635, 95, '12', '2021', '0'),
(1636, 96, '12', '2021', '0'),
(1637, 97, '12', '2021', '0'),
(1638, 98, '12', '2021', '0'),
(1639, 99, '12', '2021', '0'),
(1640, 100, '12', '2021', '0'),
(1641, 101, '12', '2021', '0'),
(1642, 102, '12', '2021', '0'),
(1643, 103, '12', '2021', '0'),
(1644, 104, '12', '2021', '0'),
(1645, 105, '12', '2021', '0'),
(1646, 106, '12', '2021', '0'),
(1647, 107, '12', '2021', '0'),
(1648, 108, '12', '2021', '0'),
(1649, 109, '12', '2021', '0'),
(1650, 110, '12', '2021', '0'),
(1651, 111, '12', '2021', '0'),
(1652, 112, '12', '2021', '0'),
(1653, 113, '12', '2021', '0'),
(1654, 114, '12', '2021', '0'),
(1655, 115, '12', '2021', '0'),
(1656, 116, '12', '2021', '0'),
(1657, 117, '12', '2021', '0'),
(1658, 118, '12', '2021', '0'),
(1659, 119, '12', '2021', '0'),
(1660, 120, '12', '2021', '0'),
(1661, 121, '12', '2021', '0'),
(1662, 122, '12', '2021', '0'),
(1663, 123, '12', '2021', '0'),
(1664, 124, '12', '2021', '0'),
(1665, 125, '12', '2021', '0'),
(1666, 126, '12', '2021', '0'),
(1667, 127, '12', '2021', '0'),
(1668, 128, '12', '2021', '0'),
(1669, 129, '12', '2021', '0'),
(1670, 130, '12', '2021', '0'),
(1671, 131, '12', '2021', '0'),
(1672, 132, '12', '2021', '0'),
(1673, 133, '12', '2021', '0'),
(1674, 134, '12', '2021', '7000000'),
(1675, 135, '12', '2021', '14200000'),
(1676, 136, '12', '2021', '0'),
(1677, 137, '12', '2021', '0'),
(1678, 138, '12', '2021', '0'),
(1679, 139, '12', '2021', '0'),
(1680, 140, '12', '2021', '0');

-- --------------------------------------------------------

--
-- Table structure for table `t_det_realisasi`
--

CREATE TABLE `t_det_realisasi` (
  `id` int(10) NOT NULL,
  `id_anggaran` int(10) NOT NULL,
  `id_master_det_rincian` int(10) NOT NULL,
  `vol` varchar(110) NOT NULL,
  `satuan` varchar(110) NOT NULL,
  `harga` varchar(110) NOT NULL,
  `bulan` varchar(110) NOT NULL,
  `tahun` varchar(110) NOT NULL,
  `realisasi` varchar(255) NOT NULL
) ENGINE=InnoDB DEFAULT CHARSET=utf8mb4;

--
-- Dumping data for table `t_det_realisasi`
--

INSERT INTO `t_det_realisasi` (`id`, `id_anggaran`, `id_master_det_rincian`, `vol`, `satuan`, `harga`, `bulan`, `tahun`, `realisasi`) VALUES
(1, 17, 35, '1', 'Bulan', '55261900', '1', '2021', '55261900'),
(2, 17, 36, '1', 'Bulan', '3682880', '1', '2021', '3682880'),
(3, 18, 37, '1', 'Bulan', '6127808', '1', '2021', '6127808'),
(4, 19, 39, '1', 'Bulan', '5380000', '1', '2021', '5380000'),
(5, 20, 40, '1', 'Bulan', '1440000', '1', '2021', '1440000'),
(6, 20, 41, '1', 'Bulan', '360000', '1', '2021', '360000'),
(7, 21, 42, '1', 'Bulan', '3548580', '1', '2021', '3548580'),
(8, 21, 43, '1', 'Bulan', '144840', '1', '2021', '144840'),
(9, 23, 44, '1', 'Bulan', '785', '1', '2021', '785'),
(10, 23, 45, '1', 'Bulan', '138', '1', '2021', '138'),
(11, 22, 52, '1', 'Bulan', '69105', '1', '2021', '69105'),
(12, 129, 287, '4', 'Buah', '330000', '1', '2021', '1320000'),
(13, 129, 288, '5', 'Buku', '33000', '1', '2021', '165000'),
(14, 129, 290, '2500', 'Lembar', '300', '1', '2021', '750000'),
(15, 130, 291, '150', 'Orang / Kali', '45000', '1', '2021', '6750000'),
(16, 130, 292, '150', 'Orang / Kali', '20000', '1', '2021', '3000000'),
(17, 131, 293, '2', 'Orang Kegiatan', '350000', '1', '2021', '700000'),
(18, 131, 294, '2', 'Orang Kegiatan', '1000000', '1', '2021', '2000000'),
(19, 131, 295, '2', 'Orang Kegiatan', '1700000', '1', '2021', '3400000'),
(20, 132, 296, '150', 'Orang / Kegiatan', '150000', '1', '2021', '22500000'),
(21, 133, 297, '23', 'Orang / Hari', '170000', '1', '2021', '3910000'),
(22, 133, 298, '20', 'Orang / Hari', '122500', '1', '2021', '2450000'),
(23, 133, 299, '15', 'Orang / Hari', '140000', '1', '2021', '2100000'),
(24, 133, 300, '20', 'Orang / Hari', '140000', '1', '2021', '2800000'),
(25, 133, 301, '15', 'Orang / Hari', '157500', '1', '2021', '2362500'),
(26, 17, 35, '1', 'Bulan', '50562600', '2', '2021', '50562600'),
(27, 17, 36, '1', 'Bulan', '3682880', '2', '2021', '3682880'),
(28, 18, 37, '1', 'Bulan', '5657878', '2', '2021', '5657878'),
(29, 19, 39, '1', 'Bulan', '4840000', '2', '2021', '4840000'),
(30, 20, 40, '1', 'Bulan', '1440000', '2', '2021', '1440000'),
(31, 20, 41, '1', 'Bulan', '360000', '2', '2021', '360000'),
(32, 21, 42, '1', 'Bulan', '3403740', '2', '2021', '3403740'),
(33, 21, 43, '1', 'Bulan', '144840', '2', '2021', '144840'),
(34, 23, 44, '1', 'Bulan', '725', '2', '2021', '725'),
(35, 23, 45, '1', 'Bulan', '138', '2', '2021', '138'),
(36, 25, 46, '1', 'Bulan', '146925292', '2', '2021', '146925292'),
(37, 26, 48, '1', 'Bulan', '62752541', '2', '2021', '62752541'),
(38, 27, 50, '1', 'Bulan', '141825996', '2', '2021', '141825996'),
(39, 22, 52, '1', 'Bulan', '65813', '2', '2021', '65813'),
(40, 35, 67, '118', 'Harian Orang Kegiatan', '120000', '2', '2021', '14160000'),
(41, 60, 151, '17', 'Orang / Hari', '140000', '2', '2021', '2380000'),
(42, 72, 167, '1970.152416', 'Kwh', '1076', '2', '2021', '2119884'),
(43, 79, 176, '2', 'Kali', '2000000', '2', '2021', '4000000'),
(44, 17, 35, '1', 'Bulan', '50562600', '3', '2021', '50562600'),
(45, 17, 36, '1', 'Bulan', '3682880', '3', '2021', '3682880'),
(46, 18, 37, '1', 'Bulan', '5657878', '3', '2021', '5657878'),
(47, 19, 39, '1', 'Bulan', '4840000', '3', '2021', '4840000'),
(48, 20, 40, '1', 'Bulan', '1440000', '3', '2021', '1440000'),
(49, 20, 41, '1', 'Bulan', '360000', '3', '2021', '360000'),
(50, 21, 42, '1', 'Bulan', '3403740', '3', '2021', '3403740'),
(51, 21, 43, '1', 'Bulan', '144840', '3', '2021', '144840'),
(52, 23, 44, '1', 'Bulan', '725', '3', '2021', '725'),
(53, 23, 45, '1', 'Bulan', '138', '3', '2021', '138'),
(54, 25, 46, '1', 'Bulan', '71002028', '3', '2021', '71002028'),
(55, 26, 48, '1', 'Bulan', '28963641', '3', '2021', '28963641'),
(56, 27, 50, '1', 'Bulan', '65813669', '3', '2021', '65813669'),
(57, 22, 52, '1', 'Bulan', '65813', '3', '2021', '65813'),
(58, 24, 53, '1', 'Tahun', '19496900', '3', '2021', '19496900'),
(59, 35, 67, '56', 'Harian Orang Kegiatan', '120000', '3', '2021', '6720000'),
(60, 42, 81, '10', 'Buah', '87000', '3', '2021', '870000'),
(61, 42, 82, '1', 'Buah', '33900', '3', '2021', '33900'),
(62, 42, 84, '15', 'Buah', '36000', '3', '2021', '540000'),
(63, 72, 167, '941.5762082', 'Kwh', '1076', '3', '2021', '1013136'),
(64, 78, 175, '1', 'Unit/Tahun', '741500', '3', '2021', '741500'),
(65, 17, 35, '1', 'Bulan', '50562600', '4', '2021', '50562600'),
(66, 17, 36, '1', 'Bulan', '3682880', '4', '2021', '3682880'),
(67, 18, 37, '1', 'Bulan', '5657878', '4', '2021', '5657878'),
(68, 19, 39, '1', 'Bulan', '4840000', '4', '2021', '4840000'),
(69, 20, 40, '1', 'Bulan', '1440000', '4', '2021', '1440000'),
(70, 20, 41, '1', 'Bulan', '360000', '4', '2021', '360000'),
(71, 21, 42, '1', 'Bulan', '3403740', '4', '2021', '3403740'),
(72, 21, 43, '1', 'Bulan', '144840', '4', '2021', '144840'),
(73, 23, 44, '1', 'Bulan', '725', '4', '2021', '725'),
(74, 23, 45, '1', 'Bulan', '138', '4', '2021', '138'),
(75, 25, 46, '1', 'Bulan', '70902853', '4', '2021', '70902853'),
(76, 26, 48, '1', 'Bulan', '29013616', '4', '2021', '29013616'),
(77, 27, 50, '1', 'Bulan', '65887779', '4', '2021', '65887779'),
(78, 22, 52, '1', 'Bulan', '65813', '4', '2021', '65813'),
(79, 24, 53, '1', 'Tahun', '6269896', '4', '2021', '6269896'),
(80, 35, 67, '66', 'Harian Orang Kegiatan', '120000', '4', '2021', '7920000'),
(81, 36, 79, '39', 'Stel', '750000', '4', '2021', '29250000'),
(82, 63, 156, '3', 'Buah', '2400000', '4', '2021', '7200000'),
(83, 63, 157, '14', 'Buah', '2200000', '4', '2021', '30800000'),
(84, 72, 167, '861.5762082', 'Kwh', '1076', '4', '2021', '927056'),
(85, 17, 35, '1', 'Bulan', '101535000', '5', '2021', '101535000'),
(86, 17, 36, '1', 'Bulan', '7365760', '5', '2021', '7365760'),
(87, 18, 37, '1', 'Bulan', '11365532', '5', '2021', '11365532'),
(88, 18, 38, '1', 'Bulan', '441946', '5', '2021', '441946'),
(89, 19, 39, '1', 'Bulan', '9680000', '5', '2021', '9680000'),
(90, 20, 40, '1', 'Bulan', '2880000', '5', '2021', '2880000'),
(91, 20, 41, '1', 'Bulan', '720000', '5', '2021', '720000'),
(92, 21, 42, '1', 'Bulan', '6807480', '5', '2021', '6807480'),
(93, 21, 43, '1', 'Bulan', '579360', '5', '2021', '579360'),
(94, 23, 44, '1', 'Bulan', '1594', '5', '2021', '1594'),
(95, 23, 45, '1', 'Bulan', '168', '5', '2021', '168'),
(96, 25, 46, '1', 'Bulan', '71318715', '5', '2021', '71318715'),
(97, 26, 48, '1', 'Bulan', '29129273', '5', '2021', '29129273'),
(98, 27, 50, '1', 'Bulan', '66128186', '5', '2021', '66128186'),
(99, 22, 52, '1', 'Bulan', '1043559', '5', '2021', '1043559'),
(100, 35, 67, '62', 'Harian Orang Kegiatan', '120000', '5', '2021', '7440000'),
(101, 47, 112, '1', 'Unit', '21899000', '5', '2021', '21899000'),
(102, 48, 113, '3', 'Unit', '1350000', '5', '2021', '4050000'),
(103, 46, 115, '4', 'Set', '2000000', '5', '2021', '8000000'),
(104, 59, 139, '3', 'Orang Hari', '940000', '5', '2021', '2820000'),
(105, 59, 140, '2', 'Orang Hari', '875000', '5', '2021', '1750000'),
(106, 60, 151, '24', 'Orang / Hari', '140000', '5', '2021', '3360000'),
(107, 62, 155, '2', 'Buah', '8000000', '5', '2021', '16000000'),
(108, 64, 158, '1', 'Buah', '15000000', '5', '2021', '15000000'),
(109, 72, 167, '1319.576208', 'Kwh', '1076', '5', '2021', '1419864'),
(110, 134, 270, '120', 'Orang / Kali', '45000', '5', '2021', '5400000'),
(111, 134, 271, '120', 'Orang / Kali', '20000', '5', '2021', '2400000'),
(112, 135, 272, '120', 'Orang Kegiatan', '120000', '5', '2021', '14400000'),
(113, 136, 273, '2', 'Unit', '600000', '5', '2021', '1200000'),
(114, 17, 35, '1', 'Bulan', '101944800', '6', '2021', '101944800'),
(115, 17, 36, '1', 'Bulan', '7365760', '6', '2021', '7365760'),
(116, 18, 37, '1', 'Bulan', '11415308', '6', '2021', '11415308'),
(117, 18, 38, '1', 'Bulan', '883892', '6', '2021', '883892'),
(118, 19, 39, '1', 'Bulan', '9680000', '6', '2021', '9680000'),
(119, 20, 40, '1', 'Bulan', '2880000', '6', '2021', '2880000'),
(120, 20, 41, '1', 'Bulan', '720000', '6', '2021', '720000'),
(121, 21, 42, '1', 'Bulan', '6807480', '6', '2021', '6807480'),
(122, 21, 43, '1', 'Bulan', '869040', '6', '2021', '869040'),
(123, 23, 44, '1', 'Bulan', '1618', '6', '2021', '1618'),
(124, 23, 45, '1', 'Bulan', '242', '6', '2021', '242'),
(125, 25, 46, '1', 'Bulan', '71067387', '6', '2021', '71067387'),
(126, 26, 48, '1', 'Bulan', '28972982', '6', '2021', '28972982'),
(127, 27, 50, '1', 'Bulan', '65818832', '6', '2021', '65818832'),
(128, 22, 52, '1', 'Bulan', '1051009', '6', '2021', '1051009'),
(129, 24, 53, '1', 'Tahun', '6321000', '6', '2021', '6321000'),
(130, 35, 67, '60', 'Harian Orang Kegiatan', '120000', '6', '2021', '7200000'),
(131, 47, 112, '3', 'Unit', '21899000', '6', '2021', '65697000'),
(132, 45, 114, '1', 'Unit', '2800000', '6', '2021', '2800000'),
(133, 72, 167, '1097.576208', 'Kwh', '1076', '6', '2021', '1180992'),
(134, 86, 183, '5', 'Buah', '38500', '6', '2021', '192500'),
(135, 86, 184, '20', 'Liter', '11000', '6', '2021', '220000'),
(136, 86, 185, '19', 'Unit', '299200', '6', '2021', '5684800'),
(137, 86, 186, '173', 'M2', '499950', '6', '2021', '86491350'),
(138, 86, 187, '1188', 'Buah', '10000', '6', '2021', '11880000'),
(139, 86, 188, '50', 'Zak', '69850', '6', '2021', '3492500'),
(140, 86, 189, '100', 'Kg', '27500', '6', '2021', '2750000'),
(141, 86, 190, '130', 'M2', '165000', '6', '2021', '21450000'),
(142, 86, 191, '60', 'M2', '96800', '6', '2021', '5808000'),
(143, 86, 192, '100', 'Lembar', '110000', '6', '2021', '11000000'),
(144, 86, 193, '5', 'Galon', '660000', '6', '2021', '3300000'),
(145, 86, 194, '11', 'Buah', '11000', '6', '2021', '121000'),
(146, 86, 195, '20', 'Lembar', '104500', '6', '2021', '2090000'),
(147, 86, 196, '5', 'M3', '249700', '6', '2021', '1248500'),
(148, 86, 197, '100', 'Dus', '22000', '6', '2021', '2200000'),
(149, 86, 198, '4', 'Buah', '1650000', '6', '2021', '6600000'),
(150, 86, 199, '10', 'Kaleng', '36300', '6', '2021', '363000'),
(151, 88, 201, '112', 'Orang Hari', '130000', '6', '2021', '14560000'),
(152, 127, 283, '44', 'Orang / Kali', '45000', '6', '2021', '1980000'),
(153, 128, 284, '34', 'Orang / Hari', '122500', '6', '2021', '4165000'),
(154, 128, 285, '13', 'Orang / Hari', '140000', '6', '2021', '1820000');

-- --------------------------------------------------------

--
-- Table structure for table `t_det_rincian`
--

CREATE TABLE `t_det_rincian` (
  `id` int(10) NOT NULL,
  `id_rincian` int(10) NOT NULL,
  `nama_det_rincian` varchar(255) NOT NULL
) ENGINE=InnoDB DEFAULT CHARSET=utf8mb4;

--
-- Dumping data for table `t_det_rincian`
--

INSERT INTO `t_det_rincian` (`id`, `id_rincian`, `nama_det_rincian`) VALUES
(1, 1, 'Barang Cetakan, Spesifikasi : Penjilidan Soft Cover f.4'),
(2, 1, 'Beban Cetak dan Penggandaan Lainnya, Spesifikasi : Pembulatan'),
(3, 1, 'Beban Penggandaan, Spesifikasi : Fotocopy - F.4'),
(4, 2, 'Uang makan Lembur Non PNS, , Spesifikasi :'),
(5, 3, 'Uang Transportasi Zona I Golongan. III, Spesifikasi : ZONA I ( < 20 Km )'),
(6, 3, 'Uang Transportasi Zona III Golongan. II, Spesifikasi : ZONA III ( > 40 Km )'),
(7, 4, 'Barang Cetakan, Spesifikasi : Biaya Penjilidan - Lakban, 1 warna, tebal >5cm'),
(8, 4, 'Beban Cetak dan Penggandaan Lainnya, Spesifikasi : Pembulatan'),
(9, 4, 'Beban Penggandaan, Spesifikasi : Fotocopy - F.4'),
(10, 5, 'Uang makan Lembur Non PNS, , Spesifikasi :'),
(11, 6, 'Biaya Penginapan Dalam Propinsi Eselon IV, Spesifikasi : Kabupaten/KotaDaerah yang belum ditentukan Tujuannya (Deluxe)'),
(12, 6, 'Biaya Penginapan Dalam Propinsi Jabatan Pelaksana, JFT dan Non PNS, Spesifikasi : Kabupaten/KotaDaerah yang belum ditentukan Tujuannya (Standar)'),
(13, 6, 'Uang Transportasi, Spesifikasi : Kabupaten Bandung - Kota bandung'),
(14, 7, 'Uang Transportasi Zona II Golongan. II, Spesifikasi : ZONA II ( 21 Km s.d 40 km )'),
(15, 7, 'Uang Transportasi Zona II Golongan. III, Spesifikasi : ZONA II ( 21 Km s.d 40 km )'),
(16, 8, 'Barang Cetakan, Spesifikasi : Biaya Penjilidan - Lakban, 1 warna, tebal >5cm'),
(17, 8, 'Beban Cetak dan Penggandaan Lainnya, Spesifikasi : Pembulatan'),
(18, 8, 'Barang Cetakan, Spesifikasi : Penjilidan Soft Cover f.4'),
(19, 9, 'Uang Transportasi Zona II Golongan. II, Spesifikasi : ZONA II ( 21 Km s.d 40 km )'),
(20, 9, 'Uang Transportasi Zona II Golongan. III, Spesifikasi : ZONA II ( 21 Km s.d 40 km )'),
(21, 10, 'Barang Cetakan, Spesifikasi : Biaya Penjilidan - Lakban, 1 warna, tebal >5cm'),
(22, 10, 'Beban Cetak dan Penggandaan Lainnya, Spesifikasi : Pembulatan'),
(23, 10, 'Barang Cetakan, Spesifikasi : Penjilidan Soft Cover f.4'),
(24, 11, 'Uang Transportasi Zona II Golongan. II, Spesifikasi : ZONA II ( 21 Km s.d 40 km )'),
(25, 11, 'Uang Transportasi Zona II Golongan. III, Spesifikasi : ZONA II ( 21 Km s.d 40 km )'),
(26, 12, 'Barang Cetakan, Spesifikasi : Biaya Penjilidan - Lakban, 1 warna, tebal >5cm'),
(27, 12, 'Barang Cetakan, Spesifikasi : Penjilidan Soft Cover f.4'),
(28, 13, 'Uang Transportasi Zona II Golongan. II, Spesifikasi : ZONA II ( 21 Km s.d 40 km )'),
(29, 13, 'Uang Transportasi Zona II Golongan. III, Spesifikasi : ZONA II ( 21 Km s.d 40 km )'),
(30, 14, 'Barang Cetakan, Spesifikasi : Biaya Penjilidan - Lakban, 1 warna, tebal >5cm'),
(31, 14, 'Beban Penggandaan, Spesifikasi : Fotocopy - F.4'),
(32, 15, 'Uang makan Lembur Non PNS, , Spesifikasi :'),
(33, 16, 'Uang Transportasi Zona I Golongan. III, Spesifikasi : ZONA I ( < 20 Km )'),
(34, 16, 'Uang Transportasi Zona III Golongan. II, Spesifikasi : ZONA III ( > 40 Km )'),
(35, 17, 'PNS-Belanja Gaji Pokok PNS [Belanja Gaji dan Tunjangan]'),
(36, 17, 'CPNS-Belanja Gaji Pokok PNS [Belanja Gaji dan Tunjangan]'),
(37, 18, 'PNS-Belanja Tunjangan Keluarga PNS [Belanja Gaji dan Tunjangan]'),
(38, 18, 'CPNS-Belanja Tunjangan Keluarga PNS [Belanja Gaji dan Tunjangan]'),
(39, 19, 'Belanja Tunjangan Jabatan PNS [Belanja Gaji dan Tunjangan]'),
(40, 20, 'PNS-Belanja Tunjangan Fungsional Umum PNS [Belanja Gaji dan Tunjangan]'),
(41, 20, 'CPNS-Belanja Tunjangan Fungsional Umum PNS [Belanja Gaji dan Tunjangan]'),
(42, 21, 'PNS Belanja Tunjangan Beras PNS [Belanja Gaji dan Tunjangan]'),
(43, 21, 'CPNS Belanja Tunjangan Beras PNS [Belanja Gaji dan Tunjangan]'),
(44, 23, 'PNS Belanja Pembulatan Gaji PNS [Belanja Gaji dan Tunjangan]'),
(45, 23, 'CPNS Belanja Tunjangan Beras PNS [Belanja Gaji dan Tunjangan]'),
(46, 25, 'TPP 2021Tambahan Penghasilan berdasarkan Beban Kerja PNS [Belanja Gaji dan Tunjangan]'),
(47, 25, 'TPP Bulan Desember 2020Tambahan Penghasilan berdasarkan Beban Kerja PNS [Belanja Gaji dan Tunjangan]'),
(48, 26, 'TPP 2021Tambahan Penghasilan berdasarkan Kondisi Kerja PNS [Belanja Gaji dan Tunjangan]'),
(49, 26, 'TPP Bulan Desember 2020Tambahan Penghasilan berdasarkan Kondisi Kerja PNS [Belanja Gaji dan Tunjangan]'),
(50, 27, 'TPP 2021Tambahan Penghasilan berdasarkan Prestasi Kerja PNS [Belanja Gaji dan Tunjangan]'),
(51, 27, 'TPP Bulan Desember 2020Tambahan Penghasilan berdasarkan Prestasi Kerja PNS [Belanja Gaji dan Tunjangan]'),
(52, 22, 'Belanja Tunjangan PPh/Tunjangan Khusus PNS [Belanja Gaji dan Tunjangan]'),
(53, 24, 'Belanja Iuran Jaminan Kesehatan PNS [Belanja Gaji dan Tunjangan]'),
(54, 28, 'Barang Cetakan, Spesifikasi : Biaya Penjilidan - Lakban, 1 warna, tebal >5cm'),
(55, 28, 'Beban Penggandaan, Spesifikasi : Fotocopy - F.4'),
(56, 29, 'Uang Transportasi Zona II Golongan. II, Spesifikasi : ZONA II ( 21 Km s.d 40 km )'),
(57, 29, 'Uang Transportasi Zona II Golongan. III, Spesifikasi : ZONA II ( 21 Km s.d 40 km )'),
(58, 30, 'Barang Cetakan, Spesifikasi : Biaya Penjilidan - Lakban, 1 warna, tebal'),
(59, 30, 'Beban Penggandaan, Spesifikasi : Fotocopy - F.4'),
(60, 31, 'Uang makan Lembur Non PNS, , Spesifikasi :'),
(61, 32, 'Uang Transportasi Zona II Golongan. II, Spesifikasi : ZONA II ( 21 Km s.d 40 km )'),
(62, 32, 'Uang Transportasi Zona II Golongan. III, Spesifikasi : ZONA II ( 21 Km s.d 40 km )'),
(63, 33, 'Beban Cetak dan Penggandaan Lainnya, Spesifikasi : Pembulatan'),
(64, 33, 'Beban Penggandaan, Spesifikasi : Fotocopy - F.4'),
(65, 34, 'Uang Transportasi Zona II Golongan. II, Spesifikasi : ZONA II ( 21 Km s.d 40 km )'),
(66, 34, 'Uang Transportasi Zona II Golongan. III, Spesifikasi : ZONA II ( 21 Km s.d 40 km )'),
(67, 35, 'HONORARIUM PIKET NON PNS, Piket Non PNS, Spesifikasi :'),
(68, 37, 'Bahan Cetak Lainnya, Spesifikasi : Spanduk,'),
(69, 37, 'Beban Cetak dan Penggandaan Lainnya, Spesifikasi : Pembulatan'),
(70, 37, 'Beban Penggandaan, Spesifikasi : Fotocopy - F.4'),
(71, 38, 'Makan/Nasi Dus, Spesifikasi : Biaya Makanan dan Minuman'),
(72, 38, 'Snack, Spesifikasi : Biaya Makanan dan Minuman'),
(73, 39, 'Honorarium Kegiatan Keagamaan Tingkat Kecamatan, Honorarium Pembaca Doa, Spesifikasi :'),
(74, 39, 'Honorarium Moderator, Spesifikasi :'),
(75, 39, 'Honorarium Narasumber, Spesifikasi :'),
(76, 39, 'Honor Pendamping Narasumber, -, Spesifikasi :'),
(77, 40, 'Uang Transportasi Zona II Golongan. II, Spesifikasi : ZONA II ( 21 Km s.d 40 km )'),
(78, 40, 'Uang Transportasi Zona II Golongan. III, Spesifikasi : ZONA II ( 21 Km s.d 40 km )'),
(79, 36, 'Beban Pakaian Dinas dan Atributnya Lainnya, Spesifikasi : Pakaian Dinas, Pakaian Dinas Harian (PDH) Khaki'),
(80, 41, 'Beban Cetak dan Penggandaan Lainnya, Spesifikasi : Pembulatan'),
(81, 42, 'Lampu, Spesifikasi : Lampu LED, LED 20 Watt'),
(82, 42, 'Stop Kontak, Spesifikasi : Stop Kontak 4 Lubang,'),
(83, 42, 'Terminal, Spesifikasi : Terminal'),
(84, 42, 'Vitting, Spesifikasi : Fitting Lampu Broco'),
(85, 43, 'Alat Tulis Kantor - Binder Clip No.260 Besar, Spesifikasi :'),
(86, 43, 'Buku - Buku Ekspedisi, Spesifikasi :'),
(87, 43, 'Buku Tulis Folio - (Buku Agenda) 300 Lbr, Spesifikasi :'),
(88, 43, 'Cutter - Cutter Kecil, Spesifikasi :'),
(89, 43, 'Lakban - Lakban Hitam Besar, Spesifikasi :'),
(90, 43, 'Lem - Stick 35 Gram, Spesifikasi :'),
(91, 43, 'Map - Map Sneilhekter Plastik, Spesifikasi :'),
(92, 43, 'Paper Clip - Trigonal Clips (Paper Clips) No 5, Spesifikasi :'),
(93, 43, 'Pembatas Kertas/Post It Lokal -, Spesifikasi :'),
(94, 43, 'Pensil - Pensil Lunak 2B, Spesifikasi :'),
(95, 43, 'Tinta Mesin Foto Copy, Spesifikasi :'),
(96, 43, 'Alat Tulis Kantor - Buku Kwitansi Besar, Spesifikasi :'),
(97, 43, 'Tinta Printer - Tinta Printer L120 L300, Spesifikasi :'),
(98, 43, 'Alat Tulis Kantor - Double Tape, Spesifikasi :'),
(99, 43, 'Alat Tulis Kantor - Pembolong Kertas, Spesifikasi :'),
(100, 43, 'Amplop - Amplop Putih No 104 Ukuran 95X152 Mm, Spesifikasi :'),
(101, 43, 'Ballpoint - Balliner Medium Bl-5M, Spesifikasi :'),
(102, 43, 'Ballpoint Hitam, Spesifikasi :'),
(103, 43, 'Beban Cetak dan Penggandaan Lainnya, Spesifikasi : Pembulatan'),
(104, 43, 'Bindex - Bindex Ordener, Spesifikasi :'),
(105, 44, 'Alat Tulis Kantor - Map Kertas Polos Biola, Spesifikasi :'),
(106, 44, 'Kertas - A4 80 Gsm, Spesifikasi :'),
(107, 44, 'Kertas Buram, Spesifikasi :'),
(108, 44, 'Kertas F4 80 gr -, Spesifikasi :'),
(109, 44, 'Kertas Foto - Kertas Foto A4, Spesifikasi :'),
(110, 44, 'Kertas - Thermal Antrian 80 X 80, Spesifikasi :'),
(111, 44, 'Kertas - Warna F4 70 Gr, Spesifikasi :'),
(112, 47, 'Komputer Unit Lainnya, Spesifikasi : PC All In One Zen Aio core i7, Ram 16 gb, LED 23,8\", Nvidia GT 2 GB, Harddisk 2 TB'),
(113, 48, 'Hard Disk, Spesifikasi : Harddisk Portable Backup Hard drive USB 3.0 1 TB'),
(114, 45, 'Mesin Kertas, Spesifikasi : Mesin Penghancur Kertas, Gemet'),
(115, 46, 'Handy Talky (Ht), Spesifikasi : motorola cv 1660'),
(116, 49, 'Beban Cetak dan Penggandaan Lainnya, Spesifikasi : Pembulatan'),
(117, 50, 'Alat Rumah Tangga Lainnya (Home Use) Lainnya, Spesifikasi : Sendok Teh, peralatan kantor'),
(118, 50, 'Alat Rumah Tangga Lainnya (Home Use) Lainnya, Spesifikasi : Baki Kayu, peralatan kantor'),
(119, 50, 'Alat Rumah Tangga Lainnya (Home Use) Lainnya, Spesifikasi : Ember Besar Tutup'),
(120, 50, 'Alat Rumah Tangga Lainnya (Home Use) Lainnya, Spesifikasi : Gelas, Gelas Tinggi'),
(121, 50, 'Beban Persediaan peralatan kebersihan dan bahan pembersih, Spesifikasi : Alat Pembersih Kaca'),
(122, 50, 'Beban Persediaan peralatan kebersihan dan bahan pembersih, Spesifikasi : Peralatan Kebersihan Sapu Lantai'),
(123, 50, 'Beban Persediaan peralatan kebersihan dan bahan pembersih, Spesifikasi : Pembersih Lantai 500 ml'),
(124, 50, 'Beban Persediaan peralatan kebersihan dan bahan pembersih, Spesifikasi : Gayung'),
(125, 50, 'Beban Persediaan peralatan kebersihan dan bahan pembersih, Spesifikasi : Sabun Cuci Piring'),
(126, 51, 'Alat Rumah Tangga Lainnya (Home Use) Lainnya, Spesifikasi : Lemari Es, 2 Pintu'),
(127, 52, 'Alat Rumah Tangga Lainnya (Home Use) Lainnya, Spesifikasi : Water Heater,'),
(128, 53, 'Beban Cetak dan Penggandaan Lainnya, Spesifikasi : Pembulatan'),
(129, 54, 'Beban Persediaan Makanan Pokok, Spesifikasi : Air Mineral, Galon'),
(130, 54, 'Beban Persediaan Makanan Pokok, Spesifikasi : Minuman Ringan Kemasan'),
(131, 54, 'Beban Persediaan Makanan Pokok, Spesifikasi : Air Mineral, Cup 240 ml'),
(132, 54, 'Beban Persediaan Makanan Pokok, Spesifikasi : Air Mineral, Botol 600 ml'),
(133, 55, 'Beban Cetak dan Penggandaan Lainnya, Spesifikasi : Pembulatan'),
(134, 56, 'Jamuan Makan Khas Daerah/Tradisional, Spesifikasi : Biaya Makanan dan Minuman'),
(135, 57, 'Beban Makanan dan Minuman Lainnya, Spesifikasi : Jamuan Makan (Paket Liwet VIP)'),
(136, 57, 'Beban Makanan dan Minuman Lainnya, Spesifikasi : Air Mineral 600 ml'),
(137, 58, 'Beban Cetak dan Penggandaan Lainnya, Spesifikasi : Pembulatan'),
(138, 59, 'BBM Perjalanan Dinas Dalam Negeri 0 - 200 KM 20 liter, Spesifikasi :'),
(139, 59, 'Uang Harian (Kabupaten/Kota) Belum ditentukan Daerah Tujuannya Golongan E, Spesifikasi : Pejabat Eselon IV'),
(140, 59, 'Uang Harian (Kabupaten/Kota) Belum ditentukan Daerah Tujuannya Golongan F, Spesifikasi : Jabatan Pelaksana dan JFT'),
(141, 59, 'Uang Harian (Kabupaten/Kota) Belum ditentukan Daerah Tujuannya Non PNS, Spesifikasi :'),
(142, 59, 'Beban Jasa Transaksi Keuangan, Spesifikasi : belanja e-tol/Taksi/Real Cost'),
(143, 59, 'Biaya Penginapan Dalam Propinsi Eselon III, Spesifikasi : Kabupaten/KotaDaerah yang belum ditentukan Tujuannya (Super Deluxe)'),
(144, 59, 'Biaya Penginapan Dalam Propinsi Eselon IV, Spesifikasi : Kabupaten/KotaDaerah yang belum ditentukan Tujuannya (Deluxe)'),
(145, 59, 'Biaya Penginapan Dalam Propinsi Jabatan Pelaksana, JFT dan Non PNS, Spesifikasi : Kabupaten/KotaDaerah yang belum ditentukan Tujuannya (Standar)'),
(146, 59, 'Biaya Penginapan Luar Provinsi, (Eselon III), Spesifikasi : Belum di tentukan Daerah Tujuan (Super Deluxe)'),
(147, 59, 'Biaya Penginapan Luar Provinsi, (Eselon IV), Spesifikasi : Belum di tentukan Daerah Tujuan Deluxe)'),
(148, 59, 'Biaya Penginapan Luar Provinsi, (Staf dan Non PNS), Spesifikasi : Belum di tentukan Daerah Tujuan (Standar)'),
(149, 59, 'Uang Harian (Kabupaten/Kota) Belum ditentukan Daerah Tujuannya Golongan D, Spesifikasi : Pejabat Eselon III'),
(150, 60, 'Uang Saku Harian, Spesifikasi : kegiatan lebih dari 8 Jam'),
(151, 60, 'Uang Transportasi Zona II Golongan. II, Spesifikasi : ZONA II ( 21 Km s.d 40 km )'),
(152, 60, 'Uang Transportasi Zona II Golongan. III, Spesifikasi : ZONA II ( 21 Km s.d 40 km )'),
(153, 60, 'Uang Transportasi Zona II Golongan. IV, Spesifikasi : ZONA II ( 21 Km s.d 40 km ))'),
(154, 61, 'Beban Cetak dan Penggandaan Lainnya, Spesifikasi : Pembulatan'),
(155, 62, 'Loker 12 Pintu, Rak Besi, Spesifikasi :'),
(156, 63, 'Kursi, Kursi Kerja Pejabat, Spesifikasi :'),
(157, 63, 'Meubelair, Kursi Kerja Staff, , Spesifikasi :'),
(158, 64, 'Meubelair, Kursi Tamu Sofa, Spesifikasi :'),
(159, 65, 'Beban Cetak dan Penggandaan Lainnya, Spesifikasi : Pembulatan'),
(160, 66, 'Genset 3.5 Hp 1000 Watt AVR, Spesifikasi :'),
(161, 67, ' Mesin Potong/Babat Rumput, , Spesifikasi :'),
(162, 68, 'Gergaji Chain Saw, Spesifikasi : Mesin Potong Kayu / Gergaji / Chainsaw Ms 250 / 50 Cm'),
(163, 69, 'Amplop, Spesifikasi : Amplop Kop Dinas'),
(164, 70, 'Materai, Spesifikasi : Materai 3000'),
(165, 70, 'Materai, Spesifikasi : Materai 6000'),
(166, 71, 'Beban Cetak dan Penggandaan Lainnya, Spesifikasi : Pembulatan'),
(167, 72, 'Beban Jasa listrik, Spesifikasi : Biaya Pembayaran Rekening Listrik Golongan P-I 4400 VA'),
(168, 73, 'Honorarium Non PNS Lainnya, Spesifikasi : Upah Pegawai Non PNS (Kategori tugas teknis)'),
(169, 74, 'Tenaga Kebersihan, Spesifikasi : Tenaga Kebersihan Kantor/Cleaning Service'),
(170, 75, 'Beban Jasa Premi Asuransi Lainya, Spesifikasi : Premi BPJS Kesehatan Bagi Non PNS (4%) * (UMK)'),
(171, 76, 'Ban Kendaraan Roda 4, Spesifikasi : Ban Kendaraan Roda 4- (VR RANGE 50) 225/50 VR16'),
(172, 76, 'Batu Baterai, Spesifikasi : BATTERAI KERING 32 PCS42AH, BATTERAI KERING 32 PCS42AH'),
(173, 76, 'Kanvas Kopling, Spesifikasi :'),
(174, 77, 'Beban Cetak dan Penggandaan Lainnya, Spesifikasi : Pembulatan'),
(175, 78, 'Biaya Pajak Kendaraan Bermotor, Pajak Motor Dinas Roda 4, Spesifikasi :'),
(176, 79, 'Jasa Service Kendaraan Dinas, Roda 4, Spesifikasi :'),
(177, 80, 'Beban Cetak dan Penggandaan Lainnya, Spesifikasi : Pembulatan'),
(178, 81, 'Pemeliharaan Alat Kantor, Spesifikasi : Pemeliharan Mesin Fotocopy'),
(179, 82, 'Pemeliharaan CCTV, Spesifikasi : Pemeliharaan CCTV'),
(180, 83, 'Pemeliharaan Alat Rumah Tangga, Spesifikasi : Pemeliharaan Dispenser'),
(181, 84, 'Biaya Pemeliharaan Sarana Kantor, Personal Computer/Notebook, Spesifikasi :'),
(182, 85, 'Biaya Pemeliharaan Sarana Kantor, Printer, Spesifikasi :'),
(183, 86, 'Bahan Bangunan Dan Konstruksi Lainnya, Spesifikasi : Kuas Roll -'),
(184, 86, 'Bahan Bangunan Dan Konstruksi Lainnya, Spesifikasi : Minyak - Minyak Cat Tinner'),
(185, 86, 'Bahan Bangunan Dan Konstruksi Lainnya, Spesifikasi : Kusen Jendela -'),
(186, 86, 'Baja, Spesifikasi : Kanopi - Baja Ringan + Spandex/Polycarbonate/Alderon'),
(187, 86, 'Genteng, Spesifikasi : Genteng Gelombang Tanah Liat,'),
(188, 86, 'Semen, Spesifikasi : Semen 50 KG'),
(189, 86, 'Semen, Spesifikasi : Semen Warna Tua -'),
(190, 86, 'Tanah Bangunan Industri Keramik/Marmer, Spesifikasi : Keramik Lantai 60 X 60 -'),
(191, 86, 'Tanah Bangunan Industri Keramik/Marmer, Spesifikasi : Keramik Lantai 20 X20 -'),
(192, 86, 'Bahan Bangunan Dan Konstruksi Lainnya, Spesifikasi : Grc -'),
(193, 86, 'Bahan Bangunan Dan Konstruksi Lainnya, Spesifikasi : Cat Tembok'),
(194, 86, 'Bahan Bangunan Dan Konstruksi Lainnya, Spesifikasi : Koas'),
(195, 86, 'Bahan Bangunan Dan Konstruksi Lainnya, Spesifikasi : Kaca Ukuran 75 Cm x 115 Cm'),
(196, 86, 'Bahan Bangunan Dan Konstruksi Lainnya, Spesifikasi : Pasir Beton -'),
(197, 86, 'Bahan Bangunan Dan Konstruksi Lainnya, Spesifikasi : Paku GRC'),
(198, 86, 'Bahan Bangunan Dan Konstruksi Lainnya, Spesifikasi : Pintu - Pintu Kayu'),
(199, 86, 'Bahan Bangunan Dan Konstruksi Lainnya, Spesifikasi : Cat Besi dan Kayu 1/2 kg'),
(200, 87, 'Beban Cetak dan Penggandaan Lainnya, Spesifikasi : Pembulatan'),
(201, 88, 'Beban Jasa Kantor Lainnya, Spesifikasi : Jasa Pekerja'),
(202, 89, 'Beban Cetak dan Penggandaan Lainnya, Spesifikasi : Pembulatan'),
(203, 90, 'Honorarium Kegiatan Keagamaan Tingkat Kecamatan, Honorarium Pembaca Doa, Spesifikasi :'),
(204, 90, 'Honorarium Moderator, Spesifikasi :'),
(205, 90, 'Honorarium Narasumber, Spesifikasi :'),
(206, 90, 'Honor Pendamping Narasumber, -, Spesifikasi :'),
(207, 91, 'Sosialisasi di Lingkungan Kantor Pemda selama satu hari, Narasumber internal, Peserta Non PNS, Spesifikasi :'),
(208, 92, 'Beban Cetak dan Penggandaan Lainnya, Spesifikasi : Pembulatan'),
(209, 93, 'Honorarium Kegiatan Keagamaan Tingkat Kecamatan, Honorarium Pembaca Doa, Spesifikasi :'),
(210, 93, 'Honorarium Moderator, Spesifikasi :'),
(211, 93, 'Honorarium Narasumber, Spesifikasi :'),
(212, 94, 'Sosialisasi di Lingkungan Kantor Pemda selama satu hari, Narasumber internal, Peserta Non PNS, Spesifikasi :'),
(213, 95, 'Beban Cetak dan Penggandaan Lainnya, Spesifikasi : Pembulatan'),
(214, 96, 'Honorarium Kegiatan Keagamaan Tingkat Kecamatan, Honorarium Pembaca Doa, Spesifikasi :'),
(215, 96, 'Honorarium Moderator, Spesifikasi :'),
(216, 96, 'Honorarium Narasumber, Spesifikasi :'),
(217, 96, 'Honor Pendamping Narasumber, -, Spesifikasi :'),
(218, 99, 'Sosialisasi di Lingkungan Kantor Pemda selama satu hari, Narasumber internal, Peserta Non PNS, Spesifikasi :'),
(219, 98, 'Beban Sewa Perlengkapan dan Peralatan Kantor Lainnya, Spesifikasi : Soundsystem dan Operator - 10.000 Watt'),
(220, 97, 'Beban sewa tenda, Spesifikasi : Tenda Plafon'),
(221, 100, 'Uang Pembinaan Juara 1 lomba Tk. Kecamatan, , Spesifikasi :'),
(222, 100, 'Uang Pembinaan Juara 2 lomba Tk. Kecamatan, , Spesifikasi :'),
(223, 100, 'Uang Pembinaan Juara 3 lomba Tk. Kecamatan, , Spesifikasi :'),
(224, 101, 'Beban Cetak dan Penggandaan Lainnya, Spesifikasi : Pembulatan'),
(225, 102, 'Honorarium Kegiatan Keagamaan Tingkat Kecamatan, Honorarium Pembaca Doa, Spesifikasi :'),
(226, 102, 'Honorarium Moderator, Spesifikasi :'),
(227, 102, 'Honorarium Narasumber, Spesifikasi :'),
(228, 102, 'Honor Pendamping Narasumber, -, Spesifikasi :'),
(229, 103, 'Sosialisasi di Lingkungan Kantor Pemda selama satu hari, Narasumber internal, Peserta Non PNS, Spesifikasi :'),
(230, 104, 'Uang Transportasi Zona I Golongan. II, Spesifikasi : ZONA I ( < 20 Km )'),
(231, 104, 'Uang Transportasi Zona I Golongan. III, Spesifikasi : ZONA I ( < 20 Km )'),
(232, 104, 'Uang Transportasi Zona II Golongan. II, Spesifikasi : ZONA II ( 21 Km s.d 40 km )'),
(233, 104, 'Uang Transportasi Zona II Golongan. III, Spesifikasi : ZONA II ( 21 Km s.d 40 km )'),
(234, 105, 'Beban Cetak dan Penggandaan Lainnya, Spesifikasi : Pembulatan'),
(235, 106, 'Honorarium Kegiatan Keagamaan Tingkat Kecamatan, Honorarium Pembaca Doa, Spesifikasi :'),
(236, 106, 'Honorarium Narasumber, Spesifikasi :'),
(237, 107, 'Sosialisasi di Lingkungan Kantor Pemda selama satu hari, Narasumber internal, Peserta Non PNS, Spesifikasi :'),
(238, 108, 'Beban Cetak dan Penggandaan Lainnya, Spesifikasi : Pembulatan'),
(239, 109, 'Honorarium Kegiatan Keagamaan Tingkat Kecamatan, Honorarium Pembaca Doa, Spesifikasi :'),
(240, 109, 'Honorarium Moderator, Spesifikasi :'),
(241, 109, 'Honorarium Narasumber, Spesifikasi :'),
(242, 110, 'Sosialisasi di Lingkungan Kantor Pemda selama satu hari, Narasumber internal, Peserta Non PNS, Spesifikasi :'),
(243, 111, 'Bahan Cetak Lainnya, Spesifikasi : Spanduk,'),
(244, 112, 'Makan/Nasi Dus, Spesifikasi : Biaya Makanan dan Minuman'),
(245, 112, 'Snack, Spesifikasi : Biaya Makanan dan Minuman'),
(246, 113, 'Komandan Upacara, Komandan Upacara Peringatan Hari Besar Tingkat Kecamatan, Spesifikasi :'),
(247, 113, 'Pembaca Teks Hari Jadi/Hari Besar Non PNS, Spesifikasi : PHBN, HUT RI, Hari Jadi dan Upacara Hari Besar'),
(248, 113, 'Pembawa Acara Non PNS, Spesifikasi : PHBN, HUT RI, Hari Jadi dan Upacara Hari Besar'),
(249, 113, 'Tenaga Pendukung Kegiatan Upacara Peringatan hari Besar Tingkat Kecamatan, Paduan Suara, Spesifikasi :'),
(250, 113, 'Tenaga Pendukung Kegiatan Upacara Peringatan hari Besar Tingkat Kecamatan, Paskibra, Spesifikasi :'),
(251, 115, 'Beban Sewa Perlengkapan dan Peralatan Kantor Lainnya, Spesifikasi : Soundsystem dan Operator - 10.000 Watt'),
(252, 114, 'Beban sewa tenda, Spesifikasi : Tenda Plafon'),
(253, 116, 'Beban Cetak dan Penggandaan Lainnya, Spesifikasi : Pembulatan'),
(254, 117, 'Honorarium Kegiatan Keagamaan Tingkat Kecamatan, Honorarium Pembaca Doa, Spesifikasi :'),
(255, 117, 'Honorarium Moderator, Spesifikasi :'),
(256, 117, 'Honorarium Narasumber, Spesifikasi :'),
(257, 117, 'Honor Pendamping Narasumber, -, Spesifikasi :'),
(258, 118, 'Sosialisasi di Lingkungan Kantor Pemda selama satu hari, Narasumber internal, Peserta Non PNS, Spesifikasi :'),
(259, 119, 'Beban Cetak dan Penggandaan Lainnya, Spesifikasi : Pembulatan'),
(260, 120, 'Makan/Nasi Dus, Spesifikasi : Biaya Makanan dan Minuman'),
(261, 120, 'Snack, Spesifikasi : Biaya Makanan dan Minuman'),
(262, 121, 'Grup Kesenian Tradisional, Spesifikasi : diseminasi informasi'),
(263, 121, 'Honorarium Kegiatan Keagamaan Tingkat Kecamatan, Honorarium Pembaca Doa, Spesifikasi :'),
(264, 121, 'Honorarium Narasumber, Spesifikasi :'),
(265, 121, 'Instruktur Senam Dalam, Spesifikasi : Pelatih senam di dalam ruangan (indoor)'),
(266, 122, 'Lomba Tingkat Kecamatan, Wasit/Juri, Spesifikasi :'),
(267, 125, 'Uang Saku Peserta Sosialisasi, Spesifikasi :'),
(268, 124, 'Sewa Peralatan Dan Mesin, Spesifikasi : Sewa sound system pertunra (5000 watt)'),
(269, 123, 'Beban sewa tenda, Spesifikasi : Tenda Plafon'),
(270, 134, 'Makan/Nasi Dus, Spesifikasi : Biaya Makanan dan Minuman'),
(271, 134, 'Snack, Spesifikasi : Biaya Makanan dan Minuman'),
(272, 135, 'HONORARIUM PATROLI WILAYAH NON PNS (TIM SIAGA), Patroli Wilayah Non PNS, Spesifikasi :'),
(273, 136, 'Beban sewa tenda, Spesifikasi : Beban sewa tenda'),
(274, 137, 'Beban Cetak dan Penggandaan Lainnya, Spesifikasi : Pembulatan'),
(275, 138, 'Honorarium Kegiatan Keagamaan Tingkat Kecamatan, Honorarium Pembaca Doa, Spesifikasi :'),
(276, 138, 'Honorarium Moderator, Spesifikasi :'),
(277, 138, 'Honorarium Narasumber, Spesifikasi :'),
(278, 139, 'Sosialisasi di Lingkungan Kantor Pemda selama satu hari, Narasumber internal, Peserta Non PNS, Spesifikasi :'),
(279, 140, 'Uang Transportasi Zona I Golongan. II, Spesifikasi : ZONA I ( < 20 Km )'),
(280, 140, 'Uang Transportasi Zona I Golongan. III, Spesifikasi : ZONA I ( < 20 Km )'),
(281, 126, 'Beban Cetak dan Penggandaan Lainnya, Spesifikasi : Pembulatan'),
(282, 126, 'Beban Penggandaan, Spesifikasi : Fotocopy - F.4'),
(283, 127, 'Makan/Nasi Dus, Spesifikasi : Biaya Makanan dan Minuman'),
(284, 128, 'Uang Transportasi Zona I Golongan. II, Spesifikasi : ZONA I ( < 20 Km )'),
(285, 128, 'Uang Transportasi Zona I Golongan. III, Spesifikasi : ZONA I ( < 20 Km )'),
(286, 128, 'Uang Transportasi Zona II Golongan. II, Spesifikasi : ZONA II ( 21 Km s.d 40 km )'),
(287, 129, 'Bahan Cetak Lainnya, Spesifikasi : Spanduk,'),
(288, 129, 'Barang Cetakan, Spesifikasi : Biaya Penjilidan - Lakban, 1 warna, tebal >5cm'),
(289, 129, 'Beban Cetak dan Penggandaan Lainnya, Spesifikasi : Pembulatan'),
(290, 129, 'Beban Penggandaan, Spesifikasi : Fotocopy - F.4'),
(291, 130, 'Makan/Nasi Dus, Spesifikasi : Biaya Makanan dan Minuman'),
(292, 130, 'Snack, Spesifikasi : Biaya Makanan dan Minuman'),
(293, 131, 'Honorarium Kegiatan Keagamaan Tingkat Kecamatan, Honorarium Pembaca Doa, Spesifikasi :'),
(294, 131, 'Honorarium Moderator, Spesifikasi :'),
(295, 131, 'Honorarium Narasumber, Spesifikasi :'),
(296, 132, 'Uang Saku Peserta Sosialisasi, Spesifikasi :'),
(297, 133, 'Uang Saku Harian, Spesifikasi : kegiatan lebih dari 8 Jam'),
(298, 133, 'Uang Transportasi Zona I Golongan. II, Spesifikasi : ZONA I ( < 20 Km )'),
(299, 133, 'Uang Transportasi Zona I Golongan. III, Spesifikasi : ZONA I ( < 20 Km )'),
(300, 133, 'Uang Transportasi Zona II Golongan. II, Spesifikasi : ZONA II ( 21 Km s.d 40 km )'),
(301, 133, 'Uang Transportasi Zona II Golongan. III, Spesifikasi : ZONA II ( 21 Km s.d 40 km )');

-- --------------------------------------------------------

--
-- Table structure for table `t_jabatan`
--

CREATE TABLE `t_jabatan` (
  `id` int(10) UNSIGNED NOT NULL,
  `jabatan` varchar(191) COLLATE utf8mb4_unicode_ci NOT NULL
) ENGINE=InnoDB DEFAULT CHARSET=utf8mb4 COLLATE=utf8mb4_unicode_ci;

--
-- Dumping data for table `t_jabatan`
--

INSERT INTO `t_jabatan` (`id`, `jabatan`) VALUES
(1, 'CAMAT'),
(2, 'SEKCAM'),
(3, 'KASI SOSIAL BUDAYA'),
(4, 'KASI PEMBANGUNAN'),
(5, 'KASI TRANTIBUM'),
(6, 'KASI PEMBERDAYAAN MASYARAKAT'),
(7, 'KASI PEMERINTAHAN'),
(8, 'SEKRETARIAT (GAJI & TUNJANGAN PEGAWAI)'),
(9, 'SEKRETARIAT (BELANJA WAJIB MENGIKAT)');

-- --------------------------------------------------------

--
-- Table structure for table `t_keg`
--

CREATE TABLE `t_keg` (
  `id` int(10) NOT NULL,
  `id_prog` int(10) NOT NULL,
  `kd_keg` varchar(110) NOT NULL,
  `nama_keg` varchar(255) NOT NULL
) ENGINE=InnoDB DEFAULT CHARSET=utf8mb4;

--
-- Dumping data for table `t_keg`
--

INSERT INTO `t_keg` (`id`, `id_prog`, `kd_keg`, `nama_keg`) VALUES
(1, 1, '7.01.01.2.03', 'Administrasi Barang Milik Daerah pada Perangkat Daerah'),
(2, 1, '7.01.01.2.05', 'Administrasi Kepegawaian Perangkat Daerah'),
(3, 1, '7.01.01.2.02', 'Administrasi Keuangan Perangkat Daerah'),
(4, 1, '7.01.01.2.06', 'Administrasi Umum Perangkat Daerah'),
(5, 6, '7.01.06.2.01', 'Fasilitasi, Rekomendasi dan Koordinasi Pembinaan dan Pengawasan Pemerintahan Desa'),
(6, 3, '7.01.03.2.01', 'Koordinasi Kegiatan Pemberdayaan Desa '),
(7, 4, '7.01.04.2.02', 'Koordinasi Penerapan dan Penegakan Peraturan Daerah dan Peraturan Kepala Daerah'),
(8, 2, '7.01.02.2.01', 'Koordinasi Penyelenggaraan Kegiatan Pemerintahan di Tingkat Kecamatan'),
(9, 2, '7.01.02.2.04', 'Pelaksanaan Urusan Pemerintahan yang Dilimpahkan kepada Camat'),
(10, 1, '7.01.01.2.09', 'Pemeliharaan Barang Milik Daerah Penunjang Urusan Pemerintahan Daerah'),
(11, 1, '7.01.01.2.07', 'Pengadaan Barang Milik Daerah Penunjang Urusan Pemerintah Daerah'),
(12, 1, '7.01.01.2.08', 'Penyediaan Jasa Penunjang Urusan Pemerintahan Daerah'),
(13, 5, '7.01.05.2.01', 'Penyelenggaraan Urusan Pemerintahan Umum sesuai Penugasan Kepala Daerah'),
(14, 2, '7.01.02.2.02', 'Penyelenggaraan Urusan Pemerintahan yang tidak Dilaksanakan oleh Unit Kerja Perangkat Daerah yang ada di Kecamatan'),
(15, 1, '7.01.01.2.01', 'Perencanaan, Penganggaran, dan Evaluasi Kinerja Perangkat Daerah');

-- --------------------------------------------------------

--
-- Table structure for table `t_mapping_jabatan_to_subkeg`
--

CREATE TABLE `t_mapping_jabatan_to_subkeg` (
  `id` int(10) NOT NULL,
  `id_jabatan` int(10) NOT NULL,
  `id_subkeg` int(10) NOT NULL
) ENGINE=InnoDB DEFAULT CHARSET=utf8mb4;

--
-- Dumping data for table `t_mapping_jabatan_to_subkeg`
--

INSERT INTO `t_mapping_jabatan_to_subkeg` (`id`, `id_jabatan`, `id_subkeg`) VALUES
(41, 2, 1),
(42, 2, 2),
(43, 2, 3),
(44, 2, 4),
(45, 2, 5),
(46, 2, 6),
(47, 2, 7),
(48, 2, 8),
(49, 2, 9),
(50, 2, 10),
(51, 2, 11),
(52, 2, 12),
(53, 2, 13),
(54, 2, 14),
(55, 2, 15),
(56, 2, 16),
(57, 2, 17),
(58, 2, 18),
(59, 2, 19),
(60, 2, 20),
(61, 2, 21),
(62, 2, 22),
(63, 2, 23),
(64, 2, 24),
(65, 2, 25),
(66, 2, 26),
(67, 2, 27),
(73, 3, 33),
(74, 3, 34),
(75, 3, 35),
(76, 3, 36),
(78, 4, 38),
(80, 4, 40),
(72, 5, 32),
(77, 5, 37),
(71, 6, 31),
(68, 7, 28),
(69, 7, 29),
(70, 7, 30),
(79, 7, 39);

-- --------------------------------------------------------

--
-- Table structure for table `t_mapping_user_to_jabatan`
--

CREATE TABLE `t_mapping_user_to_jabatan` (
  `id` int(10) NOT NULL,
  `id_user` int(10) NOT NULL,
  `id_jabatan` int(10) NOT NULL
) ENGINE=InnoDB DEFAULT CHARSET=utf8mb4;

--
-- Dumping data for table `t_mapping_user_to_jabatan`
--

INSERT INTO `t_mapping_user_to_jabatan` (`id`, `id_user`, `id_jabatan`) VALUES
(1, 4, 1),
(2, 5, 2),
(3, 5, 5),
(4, 6, 0),
(5, 7, 7),
(6, 8, 4),
(7, 8, 6),
(8, 9, 3),
(9, 10, 0);

-- --------------------------------------------------------

--
-- Table structure for table `t_master_det_rincian`
--

CREATE TABLE `t_master_det_rincian` (
  `id` int(10) NOT NULL,
  `id_det_rincian` int(10) NOT NULL,
  `vol` varchar(110) NOT NULL,
  `satuan` varchar(110) NOT NULL,
  `harga` varchar(110) NOT NULL,
  `total` varchar(110) NOT NULL
) ENGINE=InnoDB DEFAULT CHARSET=utf8mb4;

--
-- Dumping data for table `t_master_det_rincian`
--

INSERT INTO `t_master_det_rincian` (`id`, `id_det_rincian`, `vol`, `satuan`, `harga`, `total`) VALUES
(1, 1, '7', 'Buah', '53000', '371000'),
(2, 2, '5200', 'Rp', '1', '5200'),
(3, 3, '1996', 'Lembar', '300', '598800'),
(4, 4, '35', 'Orang / Hari', '30000', '1050000'),
(5, 5, '10', 'Orang / Hari', '140000', '1400000'),
(6, 6, '10', 'Orang / Hari', '157500', '1575000'),
(7, 7, '5', 'Buah', '33000', '165000'),
(8, 8, '100', 'Rp', '1', '100'),
(9, 9, '888', 'Lembar', '300', '266400'),
(10, 10, '10', 'Orang / Hari', '30000', '300000'),
(11, 11, '1', 'Orang / Hari', '460000', '460000'),
(12, 12, '1', 'Orang / Hari', '340000', '340000'),
(13, 13, '7', 'Orang / Hari', '183000', '1281000'),
(14, 14, '10', 'Orang / Hari', '140000', '1400000'),
(15, 15, '5', 'Orang / Hari', '157500', '787500'),
(16, 16, '5', 'Buku', '31200', '156000'),
(17, 17, '2500', 'Rp', '1', '2500'),
(18, 18, '1130', 'Lembar', '300', '339000'),
(19, 19, '10', 'Orang / Hari', '140000', '1400000'),
(20, 20, '7', 'Orang / Hari', '157500', '1102500'),
(21, 21, '15', 'Buku', '33000', '495000'),
(22, 22, '5000', 'Rp', '1', '5000'),
(23, 23, '4150', 'Lembar', '300', '1245000'),
(24, 24, '12', 'Orang / Hari', '140000', '1680000'),
(25, 25, '10', 'Orang / Hari', '157500', '1575000'),
(26, 26, '10', 'Buku', '33000', '330000'),
(27, 27, '1025', 'Lembar', '300', '307500'),
(28, 28, '9', 'Orang / Hari', '140000', '1260000'),
(29, 29, '7', 'Orang / Hari', '157500', '1102500'),
(30, 30, '20', 'Buku', '33000', '660000'),
(31, 31, '4950', 'Lembar', '300', '1485000'),
(32, 32, '17', 'Orang / Hari', '30000', '510000'),
(33, 33, '10', 'Orang / Hari', '140000', '1400000'),
(34, 34, '6', 'Orang / Hari', '157500', '945000'),
(35, 35, '14', 'Bulan', '67729038', '948206532'),
(36, 36, '14', 'Bulan', '3867024', '54138336'),
(37, 37, '14', 'Bulan', '8780668.786', '122929363'),
(38, 38, '14', 'Bulan', '541383.3571', '7579367'),
(39, 39, '14', 'Bulan', '7013300', '98186200'),
(40, 40, '14', 'Bulan', '2046249.571', '28647494'),
(41, 41, '14', 'Bulan', '360000', '5040000'),
(42, 42, '12', 'Bulan', '5449605', '65395260'),
(43, 43, '14', 'Bulan', '579360', '8111040'),
(44, 44, '14', 'Bulan', '1747.928571', '24471'),
(45, 45, '14', 'Bulan', '9667.571429', '135346'),
(46, 46, '10', 'Bulan', '79420000', '794200000'),
(47, 47, '1', 'Bulan', '79420000', '79420000'),
(48, 48, '10', 'Bulan', '34170000', '341700000'),
(49, 49, '1', 'Bulan', '34170000', '34170000'),
(50, 50, '10', 'Bulan', '77590000', '775900000'),
(51, 51, '1', 'Bulan', '77590000', '77590000'),
(52, 52, '14', 'Bulan', '585034.6429', '8190485'),
(53, 53, '1', 'Tahun', '76800000', '76800000'),
(54, 54, '15', 'Buah', '53000', '795000'),
(55, 55, '4100', 'Lembar', '300', '1230000'),
(56, 56, '10', 'Orang / Hari', '140000', '1400000'),
(57, 57, '10', 'Orang / Hari', '157500', '1575000'),
(58, 58, '10', 'Buku', '12000', '120000'),
(59, 59, '1350', 'Lembar', '300', '405000'),
(60, 60, '50', 'Orang Hari', '30000', '1500000'),
(61, 61, '10', 'Orang / Hari', '140000', '1400000'),
(62, 62, '10', 'Orang / Hari', '157500', '1575000'),
(63, 63, '10000', 'Rp', '1', '10000'),
(64, 64, '1000', 'Lembar', '300', '300000'),
(65, 65, '11', 'Orang / Hari', '140000', '1540000'),
(66, 66, '20', 'Orang / Hari', '157500', '3150000'),
(67, 67, '744', 'Harian Orang Kegiatan', '120000', '89280000'),
(68, 68, '5', 'Buah', '330000', '1650000'),
(69, 70, '200', 'Rp', '1', '200'),
(70, 71, '716', 'Lembar ', '300', '214800'),
(71, 72, '50', 'Orang / Kali', '45000', '2250000'),
(72, 73, '50', 'Orang / Kali', '20000', '1000000'),
(73, 74, '2', 'Orang Kegiatan', '350000', '700000'),
(74, 75, '2', 'Orang Kegiatan', '1000000', '2000000'),
(75, 76, '3', 'Orang Kegiatan', '1700000', '5100000'),
(76, 77, '2', 'Orang Kegiatan', '150000', '300000'),
(77, 78, '6', 'Orang / Hari', '140000', '840000'),
(78, 79, '6', 'Orang / Hari', '157500', '945000'),
(79, 80, '40', 'Stel', '750000', '30000000'),
(80, 81, '43', 'Rp', '1', '43'),
(81, 82, '30', 'Buah', '87000', '2610000'),
(82, 84, '1', 'Buah', '33957', '33957'),
(83, 85, '20', 'Buah', '80000', '1600000'),
(84, 86, '21', 'Buah', '36000', '756000'),
(85, 87, '50', 'pak', '17000', '850000'),
(86, 88, '5', 'buku', '21000', '105000'),
(87, 89, '20', 'buku', '36000', '720000'),
(88, 90, '2', 'lusin', '109000', '218000'),
(89, 91, '10', 'Rol', '15000', '150000'),
(90, 92, '50', 'buah', '11500', '575000'),
(91, 93, '5', 'pak', '102000', '510000'),
(92, 94, '20', 'Box', '3500', '70000'),
(93, 95, '20', 'buah', '10000', '200000'),
(94, 96, '10', 'lusin', '36000', '360000'),
(95, 97, '4', 'bungkus', '278300', '1113200'),
(96, 98, '14', 'buku', '20000', '280000'),
(97, 99, '10', 'set', '513000', '5130000'),
(98, 100, '51', 'buah', '5000', '255000'),
(99, 101, '10', 'buah', '44000', '440000'),
(100, 102, '10', 'pak', '15000', '150000'),
(101, 103, '50', 'buah', '19500', '975000'),
(102, 104, '10', 'lusin', '18150', '181500'),
(103, 105, '1950', 'Rp', '1', '1950'),
(104, 106, '5', 'pak', '115000', '575000'),
(105, 107, '20', 'Dus', '65000', '1300000'),
(106, 108, '26', 'Rim', '54100', '1406600'),
(107, 109, '5', 'Rim', '24750', '123750'),
(108, 110, '100', 'Rim', '69300', '6930000'),
(109, 111, '20', 'Pak', '31600', '632000'),
(110, 112, '24', 'Roll', '20000', '480000'),
(111, 113, '5', 'Rim', '65000', '325000'),
(112, 114, '7', 'Unit', '21899000', '153293000'),
(113, 115, '3', 'Unit', '1350000', '4050000'),
(114, 116, '2', 'Unit', '2800000', '5600000'),
(115, 117, '4', 'Set', '2000000', '8000000'),
(116, 118, '275', 'Rp', '1', '275'),
(117, 119, '10', 'Lusin', '132000', '1320000'),
(118, 120, '5', 'Buah', '143000', '715000'),
(119, 121, '4', 'buah', '176000', '704000'),
(120, 122, '5', 'Lusin', '139000', '695000'),
(121, 123, '2', 'Buah', '107000', '214000'),
(122, 124, '5', 'buah', '46288', '231440'),
(123, 125, '13', 'Buah', '21945', '285285'),
(124, 126, '10', 'Buah', '16500', '165000'),
(125, 127, '21', 'Liter', '20000', '420000'),
(126, 129, '1', 'Unit', '5000000', '5000000'),
(127, 130, '2', 'Unit', '2625000', '5250000'),
(128, 131, '11000', 'Rp', '1', '11000'),
(129, 132, '40', 'Galon', '18600', '744000'),
(130, 133, '50', 'Dus', '135000', '6750000'),
(131, 134, '50', 'Dus', '28400', '1420000'),
(132, 135, '25', 'Dus', '43000', '1075000'),
(133, 136, '4000', 'Rp', '1', '4000'),
(134, 137, '204', 'Orang / Kali', '25000', '5100000'),
(135, 138, '20', 'Paket', '620000', '12400000'),
(136, 139, '102', 'Dus', '43000', '4386000'),
(137, 140, '4500', 'Rp', '1', '4500'),
(138, 141, '111', 'Liter', '10500', '1165500'),
(139, 142, '15', 'Orang Hari', '940000', '14100000'),
(140, 143, '6', 'Orang Hari', '875000', '5250000'),
(141, 144, '1', 'Orang Hari', '550000', '550000'),
(142, 145, '20', 'ls', '100000', '2000000'),
(143, 146, '2', 'Orang Hari', '760000', '1520000'),
(144, 147, '7', 'Orang Hari', '460000', '3220000'),
(145, 148, '2', 'Orang Hari', '340000', '680000'),
(146, 149, '0', 'Orang Hari', '900000', '0'),
(147, 150, '0', 'Orang Hari', '550000', '0'),
(148, 151, '0', 'Orang Hari', '550000', '0'),
(149, 152, '2', 'Orang Hari', '965000', '1930000'),
(150, 153, '18', 'Orang / Hari', '170000', '3060000'),
(151, 154, '43', 'Orang / Hari', '140000', '6020000'),
(152, 155, '30', 'Orang / Hari', '157500', '4725000'),
(153, 156, '30', 'Orang / Hari', '192500', '5775000'),
(154, 157, '1000000', 'Rp', '1', '1000000'),
(155, 158, '2', 'Buah', '8000000', '16000000'),
(156, 159, '3', 'Buah', '2400000', '7200000'),
(157, 160, '14', 'Buah', '2200000', '30800000'),
(158, 161, '1', 'Buah', '15000000', '15000000'),
(159, 162, '647500', 'Rp', '1', '647500'),
(160, 163, '1', 'Unit', '1822500', '1822500'),
(161, 164, '1', 'Unit', '7530000', '7530000'),
(162, 165, '2', 'Unit', '5000000', '10000000'),
(163, 166, '10', 'Dus', '50000', '500000'),
(164, 167, '500', 'Buah', '3000', '1500000'),
(165, 168, '500', 'Buah', '6000', '3000000'),
(166, 169, '12224', 'Rp', '1', '12224'),
(167, 170, '18576', 'Kwh', '1076', '19987776'),
(168, 171, '84', 'Orang Bulan', '2400000', '201600000'),
(169, 172, '24', 'Orang / Bulan', '2100000', '50400000'),
(170, 173, '0', 'Orang Bulan', '126000', '0'),
(171, 174, '10', 'Buah', '1456400', '14564000'),
(172, 175, '2', 'Buah', '1725000', '3450000'),
(173, 176, '8', 'Buah', '132000', '1056000'),
(174, 177, '1', 'Rp', '50000', '50000'),
(175, 178, '2', 'Unit/Tahun', '1000000', '2000000'),
(176, 179, '8', 'Kali', '2000000', '16000000'),
(177, 180, '100000', 'Rp', '1', '100000'),
(178, 181, '1', 'Unit/tahun', '6900000', '6900000'),
(179, 182, '1', 'Tahun', '6900000', '6900000'),
(180, 183, '1', 'Unit/tahun', '600000', '600000'),
(181, 184, '1', 'Unit', '2500000', '2500000'),
(182, 185, '2', 'Unit', '1500000', '3000000'),
(183, 186, '5', 'Buah', '38500', '192500'),
(184, 187, '20', 'Liter', '11000', '220000'),
(185, 189, '19', 'Unit', '300000', '5700000'),
(186, 190, '173', 'M2', '500000', '86500000'),
(187, 191, '1200', 'Buah', '10000', '12000000'),
(188, 192, '50', 'Zak', '70000', '3500000'),
(189, 193, '100', 'Kg', '27500', '2750000'),
(190, 194, '130', 'M2', '165000', '21450000'),
(191, 195, '60', 'M2', '97000', '5820000'),
(192, 196, '100', 'Lembar', '110000', '11000000'),
(193, 197, '5', 'Galon', '660000', '3300000'),
(194, 198, '11', 'Buah', '13200', '145200'),
(195, 199, '20', 'Lembar', '104786', '2095720'),
(196, 200, '5', 'M3', '250000', '1250000'),
(197, 201, '100', 'Dus', '22000', '2200000'),
(198, 202, '4', 'Buah', '1650000', '6600000'),
(199, 203, '10', 'Kaleng', '37000', '370000'),
(200, 204, '1508', 'Rp', '1', '1508'),
(201, 205, '112', 'Orang Hari', '133081', '14905072'),
(202, 206, '206000', 'Rp', '1', '206000'),
(203, 207, '1', 'Orang Kegiatan', '350000', '350000'),
(204, 208, '2', 'Orang Kegiatan', '1000000', '2000000'),
(205, 209, '2', 'Orang Kegiatan', '1700000', '3400000'),
(206, 210, '2', 'Orang Kegiatan', '150000', '300000'),
(207, 211, '60', 'Orang / Kegiatan', '234300', '14058000'),
(208, 212, '334500', 'Rp', '1', '334500'),
(209, 213, '1', 'Orang Kegiatan', '350000', '350000'),
(210, 214, '1', 'Orang Kegiatan', '1000000', '1000000'),
(211, 215, '2', 'Orang Kegiatan', '1700000', '3400000'),
(212, 216, '85', 'Orang / Kegiatan', '234300', '19915500'),
(213, 217, '28000', 'Rp', '1', '28000'),
(214, 218, '2', 'Orang Kegiatan', '350000', '700000'),
(215, 219, '2', 'Orang Kegiatan', '1000000', '2000000'),
(216, 220, '2', 'Orang Kegiatan', '1700000', '3400000'),
(217, 221, '2', 'Orang Kegiatan', '150000', '300000'),
(218, 222, '80', 'Orang / Kegiatan', '234300', '18744000'),
(219, 223, '2', 'unit/hari', '10000000', '20000000'),
(220, 224, '100', 'M2', '55000', '5500000'),
(221, 225, '0', 'Orang Kegiatan', '2000000', '0'),
(222, 226, '0', 'Orang Kegiatan', '1500000', '0'),
(223, 227, '0', 'Orang Kegiatan', '1000000', '0'),
(224, 228, '23775', 'Rp', '1', '23775'),
(225, 229, '4', 'Orang Kegiatan', '350000', '1400000'),
(226, 230, '4', 'Orang Kegiatan', '1000000', '4000000'),
(227, 231, '4', 'Orang Kegiatan', '1700000', '6800000'),
(228, 232, '4', 'Orang Kegiatan', '150000', '600000'),
(229, 233, '100', 'Orang / Kegiatan', '234300', '23430000'),
(230, 234, '25', 'Orang / Hari', '122500', '3062500'),
(231, 235, '12', 'Orang / Hari', '140000', '1680000'),
(232, 236, '25', 'Orang / Hari', '140000', '3500000'),
(233, 237, '12', 'Orang / Hari', '157500', '1890000'),
(234, 238, '175000', 'Rp', '1', '175000'),
(235, 239, '3', 'Orang Kegiatan', '350000', '1050000'),
(236, 240, '6', 'Orang Kegiatan', '1700000', '10200000'),
(237, 241, '90', 'Orang / Kegiatan', '234300', '21087000'),
(238, 242, '98000', 'Rp', '1', '98000'),
(239, 243, '2', 'Orang Kegiatan', '350000', '700000'),
(240, 245, '2', 'Orang Kegiatan', '1000000', '2000000'),
(241, 246, '2', 'Orang Kegiatan', '1700000', '3400000'),
(242, 247, '60', 'Orang', '234300', '14058000'),
(243, 248, '8', 'Buah', '330000', '2640000'),
(244, 249, '120', 'Orang / Kali', '45000', '5400000'),
(245, 250, '120', 'Orang / Kali', '20000', '2400000'),
(246, 251, '4', 'Orang Kegiatan', '750000', '3000000'),
(247, 252, '8', 'Orang Kegiatan', '550000', '4400000'),
(248, 253, '4', 'Orang Kegiatan', '550000', '2200000'),
(249, 254, '60', 'Orang Kegiatan', '100000', '6000000'),
(250, 255, '40', 'Orang Kegiatan', '150000', '6000000'),
(251, 256, '2', 'Unit', '10000000', '20000000'),
(252, 257, '110', 'M2', '55000', '6050000'),
(253, 258, '456000', 'Rp', '1', '456000'),
(254, 259, '2', 'Orang Kegiatan', '350000', '700000'),
(255, 260, '2', 'Orang Jam', '700000', '1400000'),
(256, 261, '2', 'Orang Kegiatan', '1700000', '3400000'),
(257, 262, '2', 'Orang Kegiatan', '150000', '300000'),
(258, 263, '50', 'Orang', '234300', '11715000'),
(259, 264, '10000', 'Rp', '1', '10000'),
(260, 265, '52', 'Orang / Kali', '45000', '2340000'),
(261, 266, '52', 'Orang / Kali', '20000', '1040000'),
(262, 267, '10', 'Orang / Kegiatan', '500000', '5000000'),
(263, 268, '3', 'Orang Kegiatan', '350000', '1050000'),
(264, 269, '1', 'Orang Kegiatan', '1700000', '1700000'),
(265, 270, '4', 'Orang Kegiatan', '900000', '3600000'),
(266, 271, '6', 'Harian Orang Kegiatan', '300000', '1800000'),
(267, 272, '52', 'Orang / Kegiatan', '150000', '7800000'),
(268, 273, '2', 'Kali', '5000000', '10000000'),
(269, 274, '98', 'M2', '55000', '5390000'),
(270, 275, '250', 'Orang / Kali', '45000', '11250000'),
(271, 276, '250', 'Orang / Kali', '20000', '5000000'),
(272, 277, '250', 'Orang Kegiatan', '120000', '30000000'),
(273, 278, '4', 'Unit', '600000', '2400000'),
(274, 279, '10000', 'Rp', '1', '10000'),
(275, 280, '2', 'Orang Kegiatan', '350000', '700000'),
(276, 281, '2', 'Orang Kegiatan', '1000000', '2000000'),
(277, 282, '2', 'Orang Kegiatan', '1700000', '3400000'),
(278, 283, '60', 'Orang', '234300', '14058000'),
(279, 284, '22', 'Orang / Hari', '122500', '2695000'),
(280, 285, '16', 'Orang / Hari', '140000', '2240000'),
(281, 286, '5000', 'Rp', '1', '5000'),
(282, 287, '400', 'Lembar', '300', '120000'),
(283, 289, '120', 'Orang / Kali', '45000', '5400000'),
(284, 290, '30', 'Orang / Hari', '122500', '3675000'),
(285, 291, '30', 'Orang / Hari', '140000', '4200000'),
(286, 292, '30', 'Orang / Hari', '140000', '4200000'),
(287, 293, '4', 'Buah', '330000', '1320000'),
(288, 294, '5', 'Buku', '33000', '165000'),
(289, 295, '0', 'Rp', '1', '0'),
(290, 296, '2500', 'Lembar', '300', '750000'),
(291, 297, '150', 'Orang / Kali', '45000', '6750000'),
(292, 298, '150', 'Orang / Kali', '20000', '3000000'),
(293, 299, '2', 'Orang Kegiatan', '350000', '700000'),
(294, 300, '2', 'Orang Kegiatan', '1000000', '2000000'),
(295, 301, '2', 'Orang Kegiatan', '1700000', '3400000'),
(296, 51, '150', 'Orang / Kegiatan', '150000', '22500000'),
(297, 3, '23', 'Orang / Hari', '170000', '3910000'),
(298, 3, '20', 'Orang / Hari', '122500', '2450000'),
(299, 3, '15', 'Orang / Hari', '140000', '2100000'),
(300, 3, '20', 'Orang / Hari', '140000', '2800000'),
(301, 3, '15', 'Orang / Hari', '157500', '2362500');

-- --------------------------------------------------------

--
-- Table structure for table `t_prog`
--

CREATE TABLE `t_prog` (
  `id` int(10) NOT NULL,
  `kd_prog` varchar(110) NOT NULL,
  `nama_prog` varchar(255) NOT NULL
) ENGINE=InnoDB DEFAULT CHARSET=utf8mb4;

--
-- Dumping data for table `t_prog`
--

INSERT INTO `t_prog` (`id`, `kd_prog`, `nama_prog`) VALUES
(1, '7.01.01', 'Program Penunjang Urusan Pemerintahan Daerah Kabupaten/Kota'),
(2, '7.01.02', 'Program Penyelenggaraan Pemerintahan Dan Pelayanan Publik'),
(3, '7.01.03', 'Program Pemberdayaan Masyarakat Desa Dan Kelurahan'),
(4, '7.01.04', 'Program Koordinasi Ketentraman Dan Ketertiban Umum'),
(5, '7.01.05', 'Program Penyelenggaraan Urusan Pemerintahan Umum'),
(6, '7.01.06', 'Program Pembinaan Dan Pengawasan Pemerintahan Desa');

-- --------------------------------------------------------

--
-- Table structure for table `t_realisasi`
--

CREATE TABLE `t_realisasi` (
  `id` int(10) NOT NULL,
  `id_anggaran` int(10) NOT NULL,
  `bulan` varchar(110) NOT NULL,
  `tahun` varchar(110) NOT NULL,
  `realisasi` varchar(255) NOT NULL
) ENGINE=InnoDB DEFAULT CHARSET=utf8mb4;

-- --------------------------------------------------------

--
-- Table structure for table `t_rincian`
--

CREATE TABLE `t_rincian` (
  `id` int(10) NOT NULL,
  `id_subkeg` int(10) NOT NULL,
  `kd_rincian` varchar(110) NOT NULL,
  `nama_rincian` varchar(255) NOT NULL
) ENGINE=InnoDB DEFAULT CHARSET=utf8mb4;

--
-- Dumping data for table `t_rincian`
--

INSERT INTO `t_rincian` (`id`, `id_subkeg`, `kd_rincian`, `nama_rincian`) VALUES
(1, 1, '7.01.01.2.01.01-5.01.02.01.01.0026', 'Belanja Alat/Bahan untuk Kegiatan Kantor- Bahan Cetak'),
(2, 1, '7.01.01.2.01.01-5.01.02.01.01.0043', 'Belanja Natura dan Pakan-Natura'),
(3, 1, '7.01.01.2.01.01-5.01.02.04.01.0003', 'Belanja Perjalanan Dinas Dalam Kota'),
(4, 2, '7.01.01.2.01.02-5.01.02.01.01.0026', 'Belanja Alat/Bahan untuk Kegiatan Kantor- Bahan Cetak'),
(5, 2, '7.01.01.2.01.02-5.01.02.01.01.0043', 'Belanja Natura dan Pakan-Natura'),
(6, 2, '7.01.01.2.01.02-5.01.02.04.01.0001', 'Belanja Perjalanan Dinas Biasa'),
(7, 2, '7.01.01.2.01.02-5.01.02.04.01.0003', 'Belanja Perjalanan Dinas Dalam Kota'),
(8, 3, '7.01.01.2.01.03-5.01.02.01.01.0026', 'Belanja Alat/Bahan untuk Kegiatan Kantor- Bahan Cetak'),
(9, 3, '7.01.01.2.01.03-5.01.02.04.01.0003', 'Belanja Perjalanan Dinas Dalam Kota'),
(10, 4, '7.01.01.2.01.04-5.01.02.01.01.0026', 'Belanja Alat/Bahan untuk Kegiatan Kantor- Bahan Cetak'),
(11, 4, '7.01.01.2.01.04-5.01.02.04.01.0003', 'Belanja Perjalanan Dinas Dalam Kota'),
(12, 5, '7.01.01.2.01.05-5.01.02.01.01.0026', 'Belanja Alat/Bahan untuk Kegiatan Kantor- Bahan Cetak'),
(13, 5, '7.01.01.2.01.05-5.01.02.04.01.0003', 'Belanja Perjalanan Dinas Dalam Kota'),
(14, 6, '7.01.01.2.01.06-5.01.02.01.01.0026', 'Belanja Alat/Bahan untuk Kegiatan Kantor- Bahan Cetak'),
(15, 6, '7.01.01.2.01.06-5.01.02.01.01.0043', 'Belanja Natura dan Pakan-Natura'),
(16, 6, '7.01.01.2.01.06-5.01.02.04.01.0003', 'Belanja Perjalanan Dinas Dalam Kota'),
(17, 7, '7.01.01.2.02.01-5.01.01.01.01.0001', 'Belanja Gaji Pokok PNS'),
(18, 7, '7.01.01.2.02.01-5.01.01.01.02.0001', 'Belanja Tunjangan Keluarga PNS'),
(19, 7, '7.01.01.2.02.01-5.01.01.01.03.0001', 'Belanja Tunjangan Jabatan PNS'),
(20, 7, '7.01.01.2.02.01-5.01.01.01.05.0001', 'Belanja Tunjangan Fungsional Umum PNS'),
(21, 7, '7.01.01.2.02.01-5.01.01.01.06.0001', 'Belanja Tunjangan Beras PNS'),
(22, 7, '7.01.01.2.02.01-5.01.02.01.07.0001', 'Belanja Tunjangan PPh/Tunjangan Khusus PNS'),
(23, 7, '7.01.01.2.02.01-5.01.01.01.08.0001', 'Belanja Pembulatan Gaji PNS'),
(24, 7, '7.01.01.2.02.01-5.01.02.01.09.0001', 'Belanja Iuran Jaminan Kesehatan PNS'),
(25, 7, '7.01.01.2.02.01-5.01.01.02.01.0001', 'Tambahan Penghasilan berdasarkan Beban Kerja PNS'),
(26, 7, '7.01.01.2.02.01-5.01.01.02.03.0001', 'Tambahan Penghasilan berdasarkan Kondisi Kerja PNS'),
(27, 7, '7.01.01.2.02.01-5.01.01.02.05.0001', 'Tambahan Penghasilan berdasarkan Prestasi Kerja PNS'),
(28, 8, '7.01.01.2.02.05-5.01.02.01.01.0026', 'Belanja Alat/Bahan untuk Kegiatan Kantor- Bahan Cetak'),
(29, 8, '7.01.01.2.02.05-5.01.02.04.01.0003', 'Belanja Perjalanan Dinas Dalam Kota'),
(30, 9, '7.01.01.2.02.07-5.01.02.01.01.0026', 'Belanja Alat/Bahan untuk Kegiatan Kantor- Bahan Cetak'),
(31, 9, '7.01.01.2.02.07-5.01.02.01.01.0043', 'Belanja Natura dan Pakan-Natura'),
(32, 9, '7.01.01.2.02.07-5.01.02.04.01.0003', 'Belanja Perjalanan Dinas Dalam Kota'),
(33, 10, '7.01.01.2.02.08-5.01.02.01.01.0026', 'Belanja Alat/Bahan untuk Kegiatan Kantor- Bahan Cetak'),
(34, 10, '7.01.01.2.02.08-5.01.02.04.01.0003', 'Belanja Perjalanan Dinas Dalam Kota'),
(35, 11, '7.01.01.2.03.02-5.01.02.02.01.0031', 'Belanja Jasa Tenaga Keamanan'),
(36, 13, '7.01.01.2.05.02-5.01.02.01.01.0063', 'Belanja Pakaian Dinas Harian (PDH)'),
(37, 12, '7.01.01.2.05.10-5.01.02.01.01.0026', 'Belanja Alat/Bahan untuk Kegiatan Kantor- Bahan Cetak'),
(38, 12, '7.01.01.2.05.10-5.01.02.01.01.0052', 'Belanja Makanan dan Minuman Rapat'),
(39, 12, '7.01.01.2.05.10-5.01.02.02.01.0003', 'Honorarium Narasumber atau Pembahas, Moderator, Pembawa Acara, dan Panitia'),
(40, 12, '7.01.01.2.05.10-5.01.02.04.01.0003', 'Belanja Perjalanan Dinas Dalam Kota'),
(41, 14, '7.01.01.2.06.01-5.01.02.01.01.0024', 'Belanja Alat/Bahan untuk Kegiatan Kantor- Kertas dan Cover'),
(42, 14, '7.01.01.2.06.01-5.01.02.01.01.0031', 'Belanja Alat/Bahan untuk Kegiatan Kantor- Kertas dan Cover'),
(43, 15, '7.01.01.2.06.02-5.01.02.01.01.0024', 'Belanja Alat/Bahan untuk Kegiatan Kantor- Kertas dan Cover'),
(44, 15, '7.01.01.2.06.02-5.01.02.01.01.0025', 'Belanja Alat/Bahan untuk Kegiatan Kantor- Kertas dan Cover'),
(45, 15, '7.01.01.2.06.02-5.02.02.05.01.0005', 'Belanja Modal Alat Kantor Lainnya'),
(46, 15, '7.01.01.2.06.02-5.02.02.06.02.0001', 'Belanja Modal Alat Komunikasi Telephone'),
(47, 15, '7.01.01.2.06.02-5.02.02.10.01.0002', 'Belanja Modal Personal Computer'),
(48, 15, '7.01.01.2.06.02-5.02.02.10.02.0003', 'Belanja Modal Peralatan Personal Computer'),
(49, 16, '7.01.01.2.06.03-5.01.02.01.01.0024', 'Belanja Alat/Bahan untuk Kegiatan Kantor- Kertas dan Cover'),
(50, 16, '7.01.01.2.06.03-5.01.02.01.01.0030', 'Belanja Alat/Bahan untuk Kegiatan Kantor-Perabot Kantor'),
(51, 16, '7.01.01.2.06.03-5.02.02.05.02.0004', 'Belanja Modal Alat Pendingin'),
(52, 16, '7.01.01.2.06.03-5.02.02.05.02.0006', 'Belanja Modal Alat Rumah Tangga Lainnya (Home Use)'),
(53, 17, '7.01.01.2.06.04-5.01.02.01.01.0024', 'Belanja Alat/Bahan untuk Kegiatan Kantor- Kertas dan Cover'),
(54, 17, '7.01.01.2.06.04-5.01.02.01.01.0043', 'Belanja Natura dan Pakan-Natura'),
(55, 18, '7.01.01.2.06.08-5.01.02.01.01.0024', 'Belanja Alat/Bahan untuk Kegiatan Kantor- Kertas dan Cover'),
(56, 18, '7.01.01.2.06.08-5.01.02.01.01.0052', 'Belanja Makanan dan Minuman Rapat'),
(57, 18, '7.01.01.2.06.08-5.01.02.01.01.0053', 'Belanja Makanan dan Minuman Jamuan Tamu'),
(58, 19, '7.01.01.2.06.09-5.01.02.01.01.0026', 'Belanja Alat/Bahan untuk Kegiatan Kantor- Bahan Cetak'),
(59, 19, '7.01.01.2.06.09-5.01.02.04.01.0001', 'Belanja Perjalanan Dinas Biasa'),
(60, 19, '7.01.01.2.06.09-5.01.02.04.01.0003', 'Belanja Perjalanan Dinas Dalam Kota'),
(61, 20, '7.01.01.2.07.05-5.01.02.01.01.0024', 'Belanja Alat/Bahan untuk Kegiatan Kantor- Kertas dan Cover'),
(62, 20, '7.01.01.2.07.05-5.01.02.01.01.0030', 'Belanja Alat/Bahan untuk Kegiatan Kantor-Perabot Kantor'),
(63, 20, '7.01.01.2.07.05-5.02.02.05.03.0003', 'Belanja Modal Kursi Kerja Pejabat'),
(64, 20, '7.01.01.2.07.05-5.02.02.05.03.0006', 'Belanja Modal Kursi Tamu di Ruangan Pejabat'),
(65, 21, '7.01.01.2.07.06-5.01.02.01.01.0024', 'Belanja Alat/Bahan untuk Kegiatan Kantor- Kertas dan Cover'),
(66, 21, '7.01.01.2.07.06-5.02.02.01.03.0004', 'Belanja Modal Electric Generating Set'),
(67, 21, '7.01.01.2.07.06-5.02.02.01.03.0007', 'Belanja Modal Unit Pemeliharaan Lapangan'),
(68, 21, '7.01.01.2.07.06-5.02.02.03.01.0006', 'Belanja Pemeliharaan Alat Kantor dan Rumah Tangga-Alat Rumah Tangga-Alat Rumah Tangga Lainnya (Home Use)'),
(69, 22, '7.01.01.2.08.01-5.01.02.01.01.0026', 'Belanja Alat/Bahan untuk Kegiatan Kantor- Bahan Cetak'),
(70, 22, '7.01.01.2.08.01-5.01.02.01.01.0027', 'Belanja Alat/Bahan untuk Kegiatan Kantor-Benda Pos'),
(71, 23, '7.01.01.2.08.02-5.01.02.01.01.0024', 'Belanja Alat/Bahan untuk Kegiatan Kantor- Kertas dan Cover'),
(72, 23, '7.01.01.2.08.02-5.01.02.02.01.0061', 'Belanja Tagihan Listrik'),
(73, 24, '7.01.01.2.08.04-5.01.02.02.01.0026', 'Belanja Jasa Tenaga Administrasi'),
(74, 24, '7.01.01.2.08.04-5.01.02.02.01.0030', 'Belanja Jasa Tenaga Kebersihan'),
(75, 24, '7.01.01.2.08.04-5.01.02.02.01.0005', 'Belanja Tagihan ListrikBelanja Iuran Jaminan Kesehatan bagi Non ASN'),
(76, 25, '7.01.01.2.09.01-5.01.02.01.01.0013', 'Belanja Alat/Bahan untuk Kegiatan Kantor-Perabot Kantor'),
(77, 25, '7.01.01.2.09.01-5.01.02.01.01.0030', 'Belanja Alat/Bahan untuk Kegiatan Kantor-Perabot Kantor'),
(78, 25, '7.01.01.2.09.01-5.01.02.02.01.0067', 'Belanja Pembayaran Pajak, Bea, dan Perizinan'),
(79, 25, '7.01.01.2.09.01-5.01.02.03.02.0035', 'Belanja Pemeliharaan Alat Angkutan-Alat Angkutan Darat Bermotor-Kendaraan Dinas Bermotor Perorangan'),
(80, 26, '7.01.01.2.09.06-5.01.02.01.01.0026', 'Belanja Alat/Bahan untuk Kegiatan Kantor- Bahan Cetak'),
(81, 26, '7.01.01.2.09.06-5.01.02.03.02.0115', 'Belanja Pemeliharaan Alat Kantor dan Rumah Tangga-Alat Kantor-Alat Reproduksi (Penggandaan)'),
(82, 26, '7.01.01.2.09.06-5.01.02.03.02.0117', 'Belanja Pemeliharaan Alat Kantor dan Rumah Tangga-Alat Kantor-Alat Kantor Lainnya'),
(83, 26, '7.01.01.2.09.06-5.01.02.03.02.0123', 'Belanja Pemeliharaan Alat Kantor dan Rumah Tangga-Alat Rumah Tangga-Alat Rumah Tangga Lainnya (Home Use)'),
(84, 26, '7.01.01.2.09.06-5.01.02.03.02.0405', 'Belanja Pemeliharaan Komputer-Komputer Unit-Personal Computer'),
(85, 26, '7.01.01.2.09.06-5.01.02.03.02.0409', 'Belanja Pemeliharaan Komputer-Peralatan Komputer-Peralatan Personal Computer'),
(86, 27, '7.01.01.2.09.09-5.01.02.01.01.0001', 'Belanja Bahan-Bahan Bangunan dan Konstruksi'),
(87, 27, '7.01.01.2.09.09-5.01.02.01.01.0026', 'Belanja Alat/Bahan untuk Kegiatan Kantor- Bahan Cetak'),
(88, 27, '7.01.01.2.09.09-5.01.02.03.03.0001', 'Belanja Alat/Bahan untuk Kegiatan Kantor- Bahan Cetak'),
(89, 28, '7.01.02.2.01.02-5.01.02.01.01.0026', 'Belanja Alat/Bahan untuk Kegiatan Kantor- Bahan Cetak'),
(90, 28, '7.01.02.2.01.02-5.01.02.02.01.0003', 'Honorarium Narasumber atau Pembahas, Moderator, Pembawa Acara, dan Panitia'),
(91, 28, '7.01.02.2.01.02-5.01.02.02.12.0002', 'Belanja Sosialisasi'),
(92, 29, '7.01.02.2.02.01-5.01.02.01.01.0026', 'Belanja Alat/Bahan untuk Kegiatan Kantor- Bahan Cetak'),
(93, 29, '7.01.02.2.02.01-5.01.02.02.01.0003', 'Honorarium Narasumber atau Pembahas, Moderator, Pembawa Acara, dan Panitia'),
(94, 29, '7.01.02.2.02.01-5.01.02.02.12.0002', 'Belanja Sosialisasi'),
(95, 30, '7.01.02.2.04.03-5.01.02.01.01.0026', 'Belanja Alat/Bahan untuk Kegiatan Kantor- Bahan Cetak'),
(96, 30, '7.01.02.2.04.03-5.01.02.02.01.0003', 'Honorarium Narasumber atau Pembahas, Moderator, Pembawa Acara, dan Panitia'),
(97, 30, '7.01.02.2.04.03-5.01.02.02.04.0034', 'Belanja Sewa Alat Bantu Lainnya'),
(98, 30, '7.01.02.2.04.03-5.01.02.02.04.0132', 'Belanja Sewa Peralatan Studio Audio'),
(99, 30, '7.01.02.2.04.03-5.01.02.02.12.0002', 'Belanja Sosialisasi'),
(100, 30, '7.01.02.2.04.03-5.01.02.05.01.0001', 'Belanja Hadiah yang Bersifat Perlombaan'),
(101, 31, '7.01.03.2.01.03-5.01.02.01.01.0026', 'Belanja Alat/Bahan untuk Kegiatan Kantor- Bahan Cetak'),
(102, 31, '7.01.03.2.01.03-5.01.02.02.01.0003', 'Honorarium Narasumber atau Pembahas, Moderator, Pembawa Acara, dan Panitia'),
(103, 31, '7.01.03.2.01.03-5.01.02.02.12.0002', 'Belanja Sosialisasi'),
(104, 31, '7.01.03.2.01.03-5.01.02.04.01.0003', 'Belanja Perjalanan Dinas Dalam Kota'),
(105, 32, '7.01.04.2.02.01-5.01.02.01.01.0026', 'Belanja Alat/Bahan untuk Kegiatan Kantor- Bahan Cetak'),
(106, 32, '7.01.04.2.02.01-5.01.02.02.01.0003', 'Honorarium Narasumber atau Pembahas, Moderator, Pembawa Acara, dan Panitia'),
(107, 32, '7.01.04.2.02.01-5.01.02.02.12.0002', 'Belanja Sosialisasi'),
(108, 33, '7.01.05.2.01.01-5.01.02.01.01.0026', 'Belanja Alat/Bahan untuk Kegiatan Kantor- Bahan Cetak'),
(109, 33, '7.01.05.2.01.01-5.01.02.02.01.0003', 'Honorarium Narasumber atau Pembahas, Moderator, Pembawa Acara, dan Panitia'),
(110, 33, '7.01.05.2.01.01-5.01.02.02.12.0002', 'Belanja Sosialisasi'),
(111, 34, '7.01.05.2.01.03-5.01.02.01.01.0026', 'Belanja Alat/Bahan untuk Kegiatan Kantor- Bahan Cetak'),
(112, 34, '7.01.05.2.01.03-5.01.02.01.01.0052', 'Belanja Makanan dan Minuman Rapat'),
(113, 34, '7.01.05.2.01.03-5.01.02.02.01.0003', 'Honorarium Narasumber atau Pembahas, Moderator, Pembawa Acara, dan Panitia'),
(114, 34, '7.01.05.2.01.03-5.01.02.02.04.0034', 'Belanja Sewa Alat Bantu Lainnya'),
(115, 34, '7.01.05.2.01.03-5.01.02.02.04.0132', 'Belanja Sewa Peralatan Studio Audio'),
(116, 35, '7.01.05.2.01.04-5.01.02.01.01.0026', 'Belanja Alat/Bahan untuk Kegiatan Kantor- Bahan Cetak'),
(117, 35, '7.01.05.2.01.04-5.01.02.02.01.0003', 'Honorarium Narasumber atau Pembahas, Moderator, Pembawa Acara, dan Panitia'),
(118, 35, '7.01.05.2.01.04-5.01.02.02.12.0002', 'Belanja Sosialisasi'),
(119, 36, '7.01.05.2.01.07-5.01.02.01.01.0026', 'Belanja Alat/Bahan untuk Kegiatan Kantor- Bahan Cetak'),
(120, 36, '7.01.05.2.01.07-5.01.02.01.01.0052', 'Belanja Makanan dan Minuman Rapat'),
(121, 36, '7.01.05.2.01.07-5.01.02.02.01.0003', 'Honorarium Narasumber atau Pembahas, Moderator, Pembawa Acara, dan Panitia'),
(122, 36, '7.01.05.2.01.07-5.01.02.02.01.0037', 'Belanja Jasa Juri Perlombaan/Pertandingan'),
(123, 36, '7.01.05.2.01.07-5.01.02.02.04.0034', 'Belanja Sewa Alat Bantu Lainnya'),
(124, 36, '7.01.05.2.01.07-5.01.02.02.04.0132', 'Belanja Sewa Peralatan Studio Audio'),
(125, 36, '7.01.05.2.01.07-5.01.02.02.12.0002', 'Belanja Sosialisasi'),
(126, 39, '7.01.06.2.01.02-5.01.02.01.01.0026', 'Belanja Alat/Bahan untuk Kegiatan Kantor- Bahan Cetak'),
(127, 39, '7.01.06.2.01.02-5.01.02.01.01.0052', 'Belanja Makanan dan Minuman Rapat'),
(128, 39, '7.01.06.2.01.02-5.01.02.04.01.0003', 'Belanja Perjalanan Dinas Dalam Kota'),
(129, 40, '7.01.06.2.01.09-5.01.02.01.01.0026', 'Belanja Alat/Bahan untuk Kegiatan Kantor- Bahan Cetak'),
(130, 40, '7.01.06.2.01.09-5.01.02.01.01.0052', 'Belanja Makanan dan Minuman Rapat'),
(131, 40, '7.01.06.2.01.09-5.01.02.02.01.0003', 'Honorarium Narasumber atau Pembahas, Moderator, Pembawa Acara, dan Panitia'),
(132, 40, '7.01.06.2.01.09-5.01.02.02.12.0002', 'Belanja Sosialisasi'),
(133, 40, '7.01.06.2.01.09-5.01.02.04.01.0003', 'Belanja Perjalanan Dinas Dalam Kota'),
(134, 37, '7.01.06.2.01.11-5.01.02.01.01.0052', 'Belanja Makanan dan Minuman Rapat'),
(135, 37, '7.01.06.2.01.11-5.01.02.02.01.0031', 'Belanja Jasa Tenaga Keamanan'),
(136, 37, '7.01.06.2.01.11-5.01.02.02.04.0034', 'Belanja Sewa Alat Bantu Lainnya'),
(137, 38, '7.01.06.2.01.18-5.01.02.01.01.0026', 'Belanja Alat/Bahan untuk Kegiatan Kantor- Bahan Cetak'),
(138, 38, '7.01.06.2.01.18-5.01.02.02.01.0003', 'Honorarium Narasumber atau Pembahas, Moderator, Pembawa Acara, dan Panitia'),
(139, 38, '7.01.06.2.01.18-5.01.02.02.12.0002', 'Belanja Sosialisasi'),
(140, 38, '7.01.06.2.01.18-5.01.02.04.01.0003', 'Belanja Perjalanan Dinas Dalam Kota');

-- --------------------------------------------------------

--
-- Table structure for table `t_subkeg`
--

CREATE TABLE `t_subkeg` (
  `id` int(10) NOT NULL,
  `id_keg` int(11) NOT NULL,
  `kd_subkeg` varchar(110) NOT NULL,
  `nama_subkeg` varchar(255) NOT NULL
) ENGINE=InnoDB DEFAULT CHARSET=utf8mb4;

--
-- Dumping data for table `t_subkeg`
--

INSERT INTO `t_subkeg` (`id`, `id_keg`, `kd_subkeg`, `nama_subkeg`) VALUES
(1, 15, '7.01.01.2.01.01', 'Penyusunan Dokumen Perencanaan Perangkat Daerah'),
(2, 15, '7.01.01.2.01.02', 'Koordinasi dan Penyusunan Dokumen RKA-SKPD'),
(3, 15, '7.01.01.2.01.03', 'Koordinasi dan Penyusunan Dokumen Perubahan RKA SKPD'),
(4, 15, '7.01.01.2.01.04', 'Koordinasi dan Penyusunan DPA-SKPD'),
(5, 15, '7.01.01.2.01.05', 'Koordinasi dan Penyusunan Perubahan DPA-SKPD'),
(6, 15, '7.01.01.2.01.06', 'Koordinasi dan Penyusunan Laporan Capaian Kinerja dan Ikhtisar Realisasi Kinerja SKPD'),
(7, 3, '7.01.01.2.02.01', 'Penyediaan Gaji dan Tunjangan ASN'),
(8, 3, '7.01.01.2.02.05', 'Koordinasi dan Penyusunan Laporan Keuangan Akhir Tahun SKPD'),
(9, 3, '7.01.01.2.02.07', 'Koordinasi dan Penyusunan Laporan Keuangan Bulanan/Triwulanan/Semesteran SKPD'),
(10, 3, '7.01.01.2.02.08', 'Penyusunan Pelaporan dan Analisis Prognosis Realisasi Anggaran'),
(11, 1, '7.01.01.2.03.02', 'Pengamanan Barang Milik Daerah SKPD'),
(12, 2, '7.01.01.2.05.10', 'Sosialisasi Peraturan Perundang-Undangan'),
(13, 2, '7.01.01.2.05.02', 'Pengadaan Pakaian Dinas Beserta Atribut Kelengkapannya'),
(14, 4, '7.01.01.2.06.01', 'Penyediaan Komponen Instalasi Listrik/Penerangan Bangunan Kantor'),
(15, 4, '7.01.01.2.06.02', 'Penyediaan Peralatan dan Perlengkapan Kantor'),
(16, 4, '7.01.01.2.06.03', 'Penyediaan Peralatan Rumah Tangga'),
(17, 4, '7.01.01.2.06.04', 'Penyediaan Bahan Logistik Kantor'),
(18, 4, '7.01.01.2.06.08', 'Fasilitasi Kunjungan Tamu'),
(19, 4, '7.01.01.2.06.09', 'Penyelenggaraan Rapat Koordinasi dan Konsultasi SKPD'),
(20, 11, '7.01.01.2.07.05', 'Pengadaan Mebel'),
(21, 11, '7.01.01.2.07.06', 'Pengadaan Peralatan dan Mesin Lainnya'),
(22, 12, '7.01.01.2.08.01', 'Penyediaan Jasa Surat Menyurat'),
(23, 12, '7.01.01.2.08.02', 'Penyediaan Jasa Komunikasi, Sumber Daya Air dan Listrik'),
(24, 12, '7.01.01.2.08.04', 'Penyediaan Jasa Pelayanan Umum Kantor'),
(25, 10, '7.01.01.2.09.01', 'Penyediaan Jasa Pemeliharaan, Biaya Pemeliharaan dan Pajak Kendaraan Perorangan Dinas atau Kendaraan Dinas Jabatan'),
(26, 10, '7.01.01.2.09.06', 'Pemeliharaan Peralatan dan Mesin Lainnya'),
(27, 10, '7.01.01.2.09.09', 'Pemeliharaan/Rehabilitasi Gedung Kantor dan Bangunan Lainnya'),
(28, 8, '7.01.02.2.01.02', 'Peningkatan Efektifitas Kegiatan Pemerintahan di Tingkat Kecamatan'),
(29, 14, '7.01.02.2.02.01', 'Perencanaan Kegiatan Pelayanan kepada Masyarakat di Kecamatan'),
(30, 9, '7.01.02.2.04.03', 'Pelaksanaan Urusan Pemerintahan yang terkait dengan Kewenangan Lain yang Dilimpahkan'),
(31, 6, '7.01.03.2.01.03', 'Peningkatan Efektifitas Kegiatan Pemberdayaan Masyarakat di Wilayah Kecamatan'),
(32, 7, '7.01.04.2.02.01', 'Koordinasi/Sinergi Dengan Perangkat Daerah yang Tugas dan Fungsinya di Bidang Penegakan Peraturan Perundang-Undangan dan/atau Kepolisian Negara Republik Indonesia'),
(33, 13, '7.01.05.2.01.01', 'Pembinaan Wawasan Kebangsaan dan Ketahanan Nasional dalam rangka Memantapkan Pengamalan Pancasila, Pelaksanaan Undang-Undang Dasar Negara Republik Indonesia Tahun 1945, Pelestarian Bhinneka Tunggal Ika serta Pemertahanan dan Pemeliharaan Keutuhan Negara K'),
(34, 13, '7.01.05.2.01.03', 'Pembinaan Persatuan dan Kesatuan Bangsa'),
(35, 13, '7.01.05.2.01.04', 'Pembinaan Kerukunan Antarsuku dan Intrasuku, Umat Beragama, Ras, dan Golongan Lainnya Guna Mewujudkan Stabilitas Keamanan Lokal, Regional, dan Nasional'),
(36, 13, '7.01.05.2.01.07', 'Pelaksanaan semua Urusan Pemerintahan yang bukan merupakan Kewenangan Daerah dan tidak dilaksanakan oleh Instansi Vertikal'),
(37, 5, '7.01.06.2.01.11', 'Fasilitasi Penyelenggaraan Ketenteraman dan Ketertiban Umum'),
(38, 5, '7.01.06.2.01.18', 'Koordinasi Pelaksanaan Pembangunan Kawasan Perdesaan di Wilayah Kecamatan'),
(39, 5, '7.01.06.2.01.02', 'Fasilitasi Administrasi Tata Pemerintahan Desa'),
(40, 5, '7.01.06.2.01.09', 'Fasilitasi Sinkronisasi Perencanaan Pembangunan Daerah dengan Pembangunan Desa');

-- --------------------------------------------------------

--
-- Table structure for table `t_users`
--

CREATE TABLE `t_users` (
  `id` int(10) UNSIGNED NOT NULL,
  `name` varchar(191) COLLATE utf8mb4_unicode_ci NOT NULL,
  `username` varchar(25) COLLATE utf8mb4_unicode_ci NOT NULL,
  `email` varchar(191) COLLATE utf8mb4_unicode_ci NOT NULL,
  `nip` varchar(191) COLLATE utf8mb4_unicode_ci NOT NULL,
  `password` varchar(191) COLLATE utf8mb4_unicode_ci NOT NULL,
  `status` int(11) NOT NULL,
  `photo` varchar(191) COLLATE utf8mb4_unicode_ci NOT NULL DEFAULT 'assets/images/users/user-image.png',
  `level` enum('admin','user') COLLATE utf8mb4_unicode_ci NOT NULL,
  `remember_token` varchar(100) COLLATE utf8mb4_unicode_ci DEFAULT NULL,
  `created_at` timestamp NULL DEFAULT NULL,
  `updated_at` timestamp NULL DEFAULT NULL
) ENGINE=InnoDB DEFAULT CHARSET=utf8mb4 COLLATE=utf8mb4_unicode_ci;

--
-- Dumping data for table `t_users`
--

INSERT INTO `t_users` (`id`, `name`, `username`, `email`, `nip`, `password`, `status`, `photo`, `level`, `remember_token`, `created_at`, `updated_at`) VALUES
(1, 'Super Admin', '', 'superadmin@gmail.com', '', '$2y$10$86Y4mfEl17qHIGPsxt1xM.RPAJpZwEgUeK5DgWb2WIbL6k5oSkM0S', 0, 'uploads/1627213245.jpg', 'admin', 'LdyJkofXVbhzm4oHXQJ46lYSO2ghMluCCyjRe2n0sl2IpoJup8KfTw0NKkLJ', '2020-10-17 14:07:57', '2021-07-24 21:40:45'),
(2, 'Admin', 'admin', 'admin@gmail.com', '', '$2y$10$kmNexci2L5obDnNR.mQ6Uupu32xDFKzNKlMWQ9gGD4nEc3y2W5t1K', 0, 'uploads/1627213254.jpg', 'admin', 'aZPBuWyqsTDSEE76PN2rPoDh9sPtNJA09K7yFnX6LVcVD39K9Zv0HS5AZ8CZ', '2020-10-17 14:15:12', '2021-08-23 03:22:50'),
(3, 'User', 'user', 'user@gmail.com', '', '$2y$10$G4kWtsHlBPPHG5r643Tsrern7cDXMyvHYxnXrHxzwYzcaYBfHy71W', 0, 'uploads/1627213260.jpg', 'user', 'eL1tN95NjYYt8R2MmujGM0VpxYQG00cUO315ZMDFDnpVtHgBCuqFpGjKdWO8', '2020-10-17 14:25:18', '2021-08-23 03:23:05'),
(4, 'DADANG HERMAWAN S S.IP., MAP', 'dadang', '196408271991031006', '196408271991031006', '$2y$10$ToOVci63i4ehaWlRuftdvOoDl7K3yFk2Ax/afg9M886.v21qp.0Mm', 1, 'assets/images/users/user-image.png', 'user', 'HgtkZYCeA5R8JY1fCns983MEzdeCN7m9iGghkKdsjkon66CBMnwmIt5M4ghK', '2021-07-25 16:41:24', '2021-07-25 17:10:07'),
(5, 'ANDRI YUDHA PRAWIRA SIP.,Msi', 'andri', '198712202007011002', '198712202007011002', '$2y$10$LXETOlg1uVX3.NEdJTKvCeq5XwVloIAVeTWnqs.7TD76jZl1oBb9a', 1, 'assets/images/users/user-image.png', 'user', NULL, '2021-07-25 16:46:45', '2021-07-25 17:10:25'),
(6, 'Hj. SITI NOVIYANTI S.Sos', 'siti', '198304042010012001', '198304042010012001', '$2y$10$4GPYCjltfa2M5/Bhhyoxu.RpDQPalyIHy7fYIpcrY6iO02xNKGHtG', 1, 'assets/images/users/user-image.png', 'user', 'ugUz19lWqAViZhUfj8D4SWKcO1SqRxx3DrHhdOwYawlGj4ktYHisFrIwt1DH', '2021-07-25 16:47:41', '2021-08-19 11:11:43'),
(7, 'Hj. NINA HERNINA S.Sos.,Msi', 'nina', '196702251992032005', '196702251992032005', '$2y$10$EIOV9KDHyOYEVxa8NHNtVerTNKS0c5w5fY5ZWJjQ4Rg0PBfXaLZOe', 1, 'assets/images/users/user-image.png', 'user', 'vKjHk0NgL4fkKPsYIFeFV6vtpHCq8pEQSjsSs2nGhLzLVfeBi2bW8WGLLBd6', '2021-07-25 16:48:53', '2021-08-19 11:12:11'),
(8, 'MOHAMAD AMING SE', 'aming', '196405271986031011', '196405271986031011', '$2y$10$GMiQGxE39o04A1iEyHNJYOqLCE1f0baSNMKMKXJ7n8N2CNray4eHW', 1, 'assets/images/users/user-image.png', 'user', 'z30dCHTeA7PN2nWMLnX6Ptx2z0HQceYDFizW7kPDd5jp1r6UBh2edfHh8M8l', '2021-07-25 16:58:02', '2021-08-19 11:12:29'),
(9, 'HERI HERAWAN S.Sos', 'heri', '197810102008011007', '197810102008011007', '$2y$10$gTUroAEqVuJhj9U0q72Uu.D.f72d2V1yNurlYMz2b.3aqHCtdxJ1u', 1, 'assets/images/users/user-image.png', 'user', NULL, '2021-07-25 17:00:12', '2021-08-19 11:13:08'),
(10, 'ISEF TAOFIQ S.Sos', 'isef', '197309012010011002', '197309012010011002', '$2y$10$Lku9szgyrEssmrEui3ZaKujWPZ9rfR/ItSAIZDWB2iCu3jpU1bi.q', 1, 'assets/images/users/user-image.png', 'admin', NULL, '2021-07-25 17:02:20', '2021-08-19 11:13:28');

-- --------------------------------------------------------

--
-- Table structure for table `users`
--

CREATE TABLE `users` (
  `id` int(10) UNSIGNED NOT NULL,
  `name` varchar(255) COLLATE utf8mb4_unicode_ci NOT NULL,
  `username` varchar(15) COLLATE utf8mb4_unicode_ci NOT NULL,
  `email` varchar(255) COLLATE utf8mb4_unicode_ci NOT NULL,
  `password` varchar(255) COLLATE utf8mb4_unicode_ci NOT NULL,
  `gambar` varchar(255) COLLATE utf8mb4_unicode_ci DEFAULT NULL,
  `level` enum('admin','user') COLLATE utf8mb4_unicode_ci NOT NULL,
  `remember_token` varchar(100) COLLATE utf8mb4_unicode_ci DEFAULT NULL,
  `created_at` timestamp NULL DEFAULT NULL,
  `updated_at` timestamp NULL DEFAULT NULL
) ENGINE=InnoDB DEFAULT CHARSET=utf8mb4 COLLATE=utf8mb4_unicode_ci;

--
-- Dumping data for table `users`
--

INSERT INTO `users` (`id`, `name`, `username`, `email`, `password`, `gambar`, `level`, `remember_token`, `created_at`, `updated_at`) VALUES
(1, 'Admin', 'admin123', 'admin@perpusku.com', '$2y$10$ZF1IaQyawhdAzRPHQOioxOBNiGAZF95rnQdaLTP/pz19Bz73ttkwO', NULL, 'admin', 'mQQsTtOfrjNmt29inAvCLxcuIeNxyyebg1p8L8FqmOvwet5BajD22ZzflezF', '2021-08-23 02:55:49', '2021-08-23 02:55:49'),
(2, 'User', 'user123', 'ramadhan@perpusku.com', '$2y$10$h0CWLBgHeA3p.o2Fwoq4IOBnkc3Z1hvCgxP6Ul2A8MaWqIKvJdnC2', NULL, 'user', NULL, '2021-08-23 02:55:49', '2021-08-23 02:55:49');

--
-- Indexes for dumped tables
--

--
-- Indexes for table `anggota`
--
ALTER TABLE `anggota`
  ADD PRIMARY KEY (`id`),
  ADD KEY `anggota_user_id_foreign` (`user_id`);

--
-- Indexes for table `buku`
--
ALTER TABLE `buku`
  ADD PRIMARY KEY (`id`);

--
-- Indexes for table `migrations`
--
ALTER TABLE `migrations`
  ADD PRIMARY KEY (`id`);

--
-- Indexes for table `transaksi`
--
ALTER TABLE `transaksi`
  ADD PRIMARY KEY (`id`),
  ADD KEY `transaksi_anggota_id_foreign` (`anggota_id`),
  ADD KEY `transaksi_buku_id_foreign` (`buku_id`);

--
-- Indexes for table `t_anggarankas`
--
ALTER TABLE `t_anggarankas`
  ADD PRIMARY KEY (`id`),
  ADD KEY `id_rincian` (`id_rincian`);

--
-- Indexes for table `t_det_realisasi`
--
ALTER TABLE `t_det_realisasi`
  ADD PRIMARY KEY (`id`),
  ADD KEY `id_anggaran` (`id_anggaran`,`id_master_det_rincian`);

--
-- Indexes for table `t_det_rincian`
--
ALTER TABLE `t_det_rincian`
  ADD PRIMARY KEY (`id`),
  ADD KEY `id_rincian` (`id_rincian`);

--
-- Indexes for table `t_jabatan`
--
ALTER TABLE `t_jabatan`
  ADD PRIMARY KEY (`id`);

--
-- Indexes for table `t_keg`
--
ALTER TABLE `t_keg`
  ADD PRIMARY KEY (`id`),
  ADD KEY `kd_prog` (`id_prog`);

--
-- Indexes for table `t_mapping_jabatan_to_subkeg`
--
ALTER TABLE `t_mapping_jabatan_to_subkeg`
  ADD PRIMARY KEY (`id`),
  ADD KEY `id_user` (`id_jabatan`,`id_subkeg`);

--
-- Indexes for table `t_mapping_user_to_jabatan`
--
ALTER TABLE `t_mapping_user_to_jabatan`
  ADD PRIMARY KEY (`id`),
  ADD KEY `id_user` (`id_user`,`id_jabatan`);

--
-- Indexes for table `t_master_det_rincian`
--
ALTER TABLE `t_master_det_rincian`
  ADD PRIMARY KEY (`id`);

--
-- Indexes for table `t_prog`
--
ALTER TABLE `t_prog`
  ADD PRIMARY KEY (`id`);

--
-- Indexes for table `t_realisasi`
--
ALTER TABLE `t_realisasi`
  ADD PRIMARY KEY (`id`);

--
-- Indexes for table `t_rincian`
--
ALTER TABLE `t_rincian`
  ADD PRIMARY KEY (`id`),
  ADD KEY `id_subkeg` (`id_subkeg`);

--
-- Indexes for table `t_subkeg`
--
ALTER TABLE `t_subkeg`
  ADD PRIMARY KEY (`id`);

--
-- Indexes for table `t_users`
--
ALTER TABLE `t_users`
  ADD PRIMARY KEY (`id`),
  ADD KEY `username` (`username`);

--
-- Indexes for table `users`
--
ALTER TABLE `users`
  ADD PRIMARY KEY (`id`),
  ADD UNIQUE KEY `users_username_unique` (`username`);

--
-- AUTO_INCREMENT for dumped tables
--

--
-- AUTO_INCREMENT for table `anggota`
--
ALTER TABLE `anggota`
  MODIFY `id` int(10) UNSIGNED NOT NULL AUTO_INCREMENT, AUTO_INCREMENT=3;

--
-- AUTO_INCREMENT for table `buku`
--
ALTER TABLE `buku`
  MODIFY `id` int(10) UNSIGNED NOT NULL AUTO_INCREMENT, AUTO_INCREMENT=4;

--
-- AUTO_INCREMENT for table `migrations`
--
ALTER TABLE `migrations`
  MODIFY `id` int(10) UNSIGNED NOT NULL AUTO_INCREMENT, AUTO_INCREMENT=5;

--
-- AUTO_INCREMENT for table `transaksi`
--
ALTER TABLE `transaksi`
  MODIFY `id` int(10) UNSIGNED NOT NULL AUTO_INCREMENT;

--
-- AUTO_INCREMENT for table `t_anggarankas`
--
ALTER TABLE `t_anggarankas`
  MODIFY `id` int(10) NOT NULL AUTO_INCREMENT, AUTO_INCREMENT=1681;

--
-- AUTO_INCREMENT for table `t_det_realisasi`
--
ALTER TABLE `t_det_realisasi`
  MODIFY `id` int(10) NOT NULL AUTO_INCREMENT, AUTO_INCREMENT=155;

--
-- AUTO_INCREMENT for table `t_det_rincian`
--
ALTER TABLE `t_det_rincian`
  MODIFY `id` int(10) NOT NULL AUTO_INCREMENT, AUTO_INCREMENT=302;

--
-- AUTO_INCREMENT for table `t_jabatan`
--
ALTER TABLE `t_jabatan`
  MODIFY `id` int(10) UNSIGNED NOT NULL AUTO_INCREMENT, AUTO_INCREMENT=10;

--
-- AUTO_INCREMENT for table `t_keg`
--
ALTER TABLE `t_keg`
  MODIFY `id` int(10) NOT NULL AUTO_INCREMENT, AUTO_INCREMENT=16;

--
-- AUTO_INCREMENT for table `t_mapping_jabatan_to_subkeg`
--
ALTER TABLE `t_mapping_jabatan_to_subkeg`
  MODIFY `id` int(10) NOT NULL AUTO_INCREMENT, AUTO_INCREMENT=81;

--
-- AUTO_INCREMENT for table `t_mapping_user_to_jabatan`
--
ALTER TABLE `t_mapping_user_to_jabatan`
  MODIFY `id` int(10) NOT NULL AUTO_INCREMENT, AUTO_INCREMENT=10;

--
-- AUTO_INCREMENT for table `t_master_det_rincian`
--
ALTER TABLE `t_master_det_rincian`
  MODIFY `id` int(10) NOT NULL AUTO_INCREMENT, AUTO_INCREMENT=302;

--
-- AUTO_INCREMENT for table `t_prog`
--
ALTER TABLE `t_prog`
  MODIFY `id` int(10) NOT NULL AUTO_INCREMENT, AUTO_INCREMENT=7;

--
-- AUTO_INCREMENT for table `t_realisasi`
--
ALTER TABLE `t_realisasi`
  MODIFY `id` int(10) NOT NULL AUTO_INCREMENT;

--
-- AUTO_INCREMENT for table `t_rincian`
--
ALTER TABLE `t_rincian`
  MODIFY `id` int(10) NOT NULL AUTO_INCREMENT, AUTO_INCREMENT=141;

--
-- AUTO_INCREMENT for table `t_subkeg`
--
ALTER TABLE `t_subkeg`
  MODIFY `id` int(10) NOT NULL AUTO_INCREMENT, AUTO_INCREMENT=41;

--
-- AUTO_INCREMENT for table `t_users`
--
ALTER TABLE `t_users`
  MODIFY `id` int(10) UNSIGNED NOT NULL AUTO_INCREMENT, AUTO_INCREMENT=11;

--
-- AUTO_INCREMENT for table `users`
--
ALTER TABLE `users`
  MODIFY `id` int(10) UNSIGNED NOT NULL AUTO_INCREMENT, AUTO_INCREMENT=3;

--
-- Constraints for dumped tables
--

--
-- Constraints for table `anggota`
--
ALTER TABLE `anggota`
  ADD CONSTRAINT `anggota_user_id_foreign` FOREIGN KEY (`user_id`) REFERENCES `users` (`id`) ON DELETE CASCADE;

--
-- Constraints for table `transaksi`
--
ALTER TABLE `transaksi`
  ADD CONSTRAINT `transaksi_anggota_id_foreign` FOREIGN KEY (`anggota_id`) REFERENCES `anggota` (`id`) ON DELETE CASCADE,
  ADD CONSTRAINT `transaksi_buku_id_foreign` FOREIGN KEY (`buku_id`) REFERENCES `buku` (`id`) ON DELETE CASCADE;
COMMIT;

/*!40101 SET CHARACTER_SET_CLIENT=@OLD_CHARACTER_SET_CLIENT */;
/*!40101 SET CHARACTER_SET_RESULTS=@OLD_CHARACTER_SET_RESULTS */;
/*!40101 SET COLLATION_CONNECTION=@OLD_COLLATION_CONNECTION */;
